ID,Name,Pos,Value,Team,1_Pts,1_xMins,2_Pts,2_xMins,3_Pts,3_xMins,4_Pts,4_xMins,5_Pts,5_xMins,6_Pts,6_xMins,7_Pts,7_xMins,8_Pts,8_xMins,9_Pts,9_xMins,10_Pts,10_xMins,11_Pts,11_xMins,12_Pts,12_xMins,13_Pts,13_xMins,14_Pts,14_xMins
1,Raya,G,6.0,Arsenal,3.85,85,2.83,74,2.98,74,3.1,74,2.83,74,3.41,74,2.93,74,3.44,74,2.71,74,3.59,74,2.68,74,2.91,74,2.66,74,2.91,74
2,Arrizabalaga,G,5.0,Arsenal,0.18,6,0.5,17,0.5,17,0.52,17,0.51,17,0.54,17,0.51,17,0.54,17,0.5,17,0.55,17,0.5,17,0.5,17,0.49,17,0.51,17
3,Meslier,G,5.0,Arsenal,0.03,1,0.02,1,0.02,1,0.02,1,0.02,1,0.02,1,0.02,1,0.02,1,0.02,1,0.02,1,0.02,1,0.02,1,0.02,1,0.02,1
4,Gabriel,D,8.0,Arsenal,4.5,83,3.52,83,3.75,83,3.73,83,3.36,83,4.17,83,3.49,83,4.22,83,3.24,83,4.47,83,3.26,83,3.56,83,3.26,83,3.55,83
5,J.Timber,D,6.5,Arsenal,0.0,0,0.0,0,0.0,0,0.0,0,0.0,0,0.0,0,0.0,0,0.0,0,0.0,0,0.0,0,0.0,0,0.0,0,0.0,0,0.0,0
6,Saliba,D,6.0,Arsenal,0.0,0,0.0,0,0.0,0,0.0,0,0.0,0,0.0,0,0.0,0,0.0,0,0.0,0,0.0,0,0.0,0,0.0,0,0.0,0,0.0,0
7,Lewis-Skelly,M,5.5,Arsenal,1.44,61,1.27,61,1.34,61,1.37,61,1.3,61,1.45,61,1.33,61,1.46,61,1.26,61,1.54,61,1.29,61,1.31,61,1.29,61,1.35,61
8,Calafiori,D,5.5,Arsenal,2.71,75,1.97,75,2.26,75,2.16,75,1.92,75,2.59,75,2.01,75,2.62,75,1.83,75,2.8,75,1.85,75,2.15,75,1.86,75,2.04,75
9,Hincapie,D,5.5,Arsenal,2.62,64,2.24,64,2.31,64,2.44,64,2.22,64,2.57,64,2.3,64,2.6,64,2.15,64,2.72,64,2.15,64,2.24,64,2.16,64,2.33,64
10,White,D,5.5,Arsenal,2.27,70,1.84,70,2.03,70,1.98,70,1.84,70,2.25,70,1.9,70,2.27,70,1.79,70,2.38,70,1.8,70,1.98,70,1.8,70,1.92,70
11,Mosquera,D,5.5,Arsenal,2.23,72,1.93,72,2.12,72,2.16,72,2.03,72,2.38,72,2.09,72,2.4,72,1.98,72,2.5,72,1.99,72,2.11,72,1.99,72,2.11,72
12,Saka,M,9.5,Arsenal,4.15,76,3.44,76,3.75,76,3.58,76,3.43,76,3.99,76,3.51,76,3.96,76,3.34,76,4.28,76,3.47,76,3.63,76,3.46,76,3.6,76
13,Rice,M,7.5,Arsenal,4.2,78,3.7,78,3.86,78,3.86,78,3.71,78,4.09,78,3.79,78,4.09,78,3.65,78,4.31,78,3.71,78,3.75,78,3.7,78,3.86,78
14,Eze,M,6.5,Arsenal,3.25,83,2.72,83,2.93,83,2.84,83,2.72,83,3.11,83,2.77,83,3.09,83,2.64,83,3.35,83,2.74,83,2.83,83,2.73,83,2.84,83
15,Ødegaard,M,6.5,Arsenal,2.64,71,2.21,71,2.4,71,2.3,71,2.21,71,2.55,71,2.26,71,2.54,71,2.16,71,2.72,71,2.23,71,2.33,71,2.22,71,2.31,71
16,Madueke,M,6.5,Arsenal,2.27,71,1.98,71,2.15,71,2.13,71,2.06,71,2.32,71,2.1,71,2.31,71,2.01,71,2.48,71,2.08,71,2.12,71,2.07,71,2.15,71
17,Merino,M,6.0,Arsenal,2.45,77,2.05,77,2.21,77,2.15,77,2.06,77,2.37,77,2.11,77,2.35,77,2.01,77,2.56,77,2.09,77,2.15,77,2.08,77,2.17,77
18,Martinelli,M,6.5,Arsenal,1.97,65,1.7,65,1.83,65,1.82,65,1.75,65,1.97,65,1.79,65,1.95,65,1.7,65,2.13,65,1.78,65,1.79,65,1.76,65,1.84,65
19,Zubimendi,M,5.5,Arsenal,2.83,83,2.47,83,2.53,83,2.58,83,2.43,83,2.69,83,2.5,83,2.7,83,2.38,83,2.86,83,2.43,83,2.44,83,2.42,83,2.55,83
20,Dowman,M,5.5,Arsenal,0.83,38,0.72,38,0.77,38,0.76,38,0.73,38,0.82,38,0.74,38,0.81,38,0.71,38,0.88,38,0.74,38,0.74,38,0.74,38,0.76,38
21,Nørgaard,M,5.0,Everton,0.0,0,0.0,0,0.0,0,0.0,0,0.0,0,0.0,0,0.0,0,0.0,0,0.0,0,0.0,0,0.0,0,0.0,0,0.0,0,0.0,0
22,Nwaneri,M,5.5,Arsenal,0.38,19,0.32,19,0.34,19,0.34,19,0.32,19,0.36,19,0.33,19,0.36,19,0.31,19,0.39,19,0.33,19,0.33,19,0.32,19,0.34,19
23,Fábio Vieira,M,5.5,Arsenal,0.64,19,0.56,19,0.59,19,0.58,19,0.56,19,0.62,19,0.57,19,0.62,19,0.55,19,0.66,19,0.57,19,0.57,19,0.57,19,0.59,19
24,Nelson,M,5.5,Arsenal,0.52,31,0.44,31,0.46,31,0.45,31,0.43,31,0.49,31,0.44,31,0.48,31,0.42,31,0.53,31,0.44,31,0.44,31,0.43,31,0.45,31
25,Gyökeres,F,7.5,Arsenal,3.34,83,2.5,83,2.99,83,2.54,83,2.49,83,3.14,83,2.53,83,3.09,83,2.42,83,3.43,83,2.57,83,2.85,83,2.55,83,2.61,83
26,Havertz,F,7.5,Arsenal,2.95,81,2.32,81,2.73,81,2.42,81,2.39,81,2.89,81,2.42,81,2.85,81,2.33,81,3.15,81,2.46,81,2.65,81,2.44,81,2.5,81
27,G.Jesus,F,6.0,Arsenal,0.95,34,0.79,34,0.91,34,0.84,34,0.83,34,0.98,34,0.84,34,0.96,34,0.82,34,1.06,34,0.86,34,0.9,34,0.85,34,0.87,34
28,Martinez,G,5.0,Aston Villa,1.77,50,2.19,61,2.22,61,2.38,61,2.16,61,2.39,61,2.11,61,2.19,61,2.37,61,2.18,61,2.53,61,2.18,61,2.4,61,2.3,61
29,M.Bizot,G,4.5,Aston Villa,0.8,28,0.69,25,0.73,25,0.73,25,0.72,25,0.74,25,0.71,25,0.7,25,0.73,25,0.74,25,0.76,25,0.73,25,0.73,25,0.72,25
30,Digne,D,4.5,Aston Villa,0.0,0,0.0,0,0.0,0,0.0,0,0.0,0,0.0,0,0.0,0,0.0,0,0.0,0,0.0,0,0.0,0,0.0,0,0.0,0,0.0,0
31,Konsa,D,4.5,Arsenal,2.28,63,1.91,63,2.09,63,2.0,63,1.91,63,2.26,63,1.95,63,2.28,63,1.88,63,2.37,63,1.89,63,2.05,63,1.89,63,1.97,63
32,Cash,D,4.5,Aston Villa,2.31,82,2.51,82,2.51,82,2.78,82,2.32,82,2.73,82,2.21,82,2.47,82,2.75,82,2.2,82,2.95,82,2.36,82,2.81,82,2.67,82
33,Mings,D,4.5,Aston Villa,1.64,54,1.67,54,1.85,54,1.86,54,1.8,54,1.85,54,1.74,54,1.75,54,1.85,54,1.73,54,1.94,54,1.81,54,1.88,54,1.83,54
34,Pau,D,4.5,Aston Villa,1.29,47,1.36,47,1.41,47,1.51,47,1.33,47,1.49,47,1.27,47,1.36,47,1.5,47,1.27,47,1.6,47,1.35,47,1.53,47,1.46,47
35,Bogarde,M,5.0,Aston Villa,1.11,58,1.15,58,1.24,58,1.29,58,1.17,58,1.27,58,1.13,58,1.17,58,1.28,58,1.12,58,1.35,58,1.18,58,1.3,58,1.25,58
36,Maatsen,D,4.5,Aston Villa,2.03,75,2.35,75,2.42,75,2.74,75,2.4,75,2.75,75,2.32,75,2.55,75,2.75,75,2.31,75,2.89,75,2.41,75,2.8,75,2.7,75
37,Lindelöf,D,4.5,Aston Villa,1.21,55,1.27,55,1.31,55,1.39,55,1.26,55,1.38,55,1.21,55,1.28,55,1.38,55,1.21,55,1.46,55,1.27,55,1.41,55,1.36,55
38,A.García,D,4.0,Aston Villa,0.28,23,0.3,23,0.32,23,0.34,23,0.31,23,0.34,23,0.3,23,0.32,23,0.34,23,0.3,23,0.36,23,0.31,23,0.35,23,0.34,23
39,Nedeljkovic,D,4.0,Aston Villa,0.0,0,0.0,0,0.0,0,0.0,0,0.0,0,0.0,0,0.0,0,0.0,0,0.0,0,0.0,0,0.0,0,0.0,0,0.0,0,0.0,0
40,Rogers,M,7.5,Chelsea,3.14,78,3.42,78,2.92,78,3.78,78,3.13,78,3.5,78,3.2,78,3.44,78,3.39,78,3.23,78,3.54,78,3.17,78,3.43,78,3.32,78
41,Buendía,M,6.0,Aston Villa,2.28,83,2.35,83,2.75,83,2.72,83,2.64,83,2.73,83,2.57,83,2.57,83,2.73,83,2.53,83,2.81,83,2.66,83,2.75,83,2.69,83
42,Guessand,M,5.5,Crystal Palace,1.69,80,1.67,80,1.63,80,1.93,80,1.6,80,1.79,80,1.6,80,1.74,80,1.67,80,1.68,80,1.7,80,1.94,80,1.59,80,1.6,80
43,Tielemans,M,6.0,Man Utd,3.07,83,3.2,83,2.8,83,2.79,83,2.72,83,2.95,83,2.72,83,2.97,83,2.7,83,2.98,83,2.67,83,2.98,83,2.73,83,3.1,83
44,Bailey,M,5.5,Aston Villa,1.42,65,1.47,65,1.71,65,1.71,65,1.62,65,1.71,65,1.58,65,1.6,65,1.71,65,1.55,65,1.77,65,1.63,65,1.72,65,1.69,65
45,McGinn,M,5.5,Aston Villa,2.23,75,2.24,75,2.49,75,2.46,75,2.26,75,2.43,75,2.19,75,2.26,75,2.44,75,2.15,75,2.54,75,2.29,75,2.46,75,2.4,75
46,Barkley,M,5.0,Aston Villa,2.17,83,2.16,83,2.45,83,2.4,83,2.29,83,2.39,83,2.22,83,2.23,83,2.39,83,2.19,83,2.47,83,2.31,83,2.41,83,2.36,83
47,Kamara,M,5.0,Aston Villa,2.52,81,2.51,81,2.74,81,2.7,81,2.6,81,2.7,81,2.52,81,2.55,81,2.69,81,2.5,81,2.77,81,2.61,81,2.72,81,2.67,81
48,Onana,M,5.0,Aston Villa,0.0,0,0.0,0,0.0,0,0.0,0,0.0,0,0.0,0,0.0,0,0.0,0,0.0,0,0.0,0,0.0,0,0.0,0,0.0,0,0.0,0
49,Iling Jr,M,5.0,Aston Villa,0.0,0,0.0,0,0.0,0,0.0,0,0.0,0,0.0,0,0.0,0,0.0,0,0.0,0,0.0,0,0.0,0,0.0,0,0.0,0,0.0,0
50,Burrowes,M,4.5,Aston Villa,0.0,0,0.0,0,0.0,0,0.0,0,0.0,0,0.0,0,0.0,0,0.0,0,0.0,0,0.0,0,0.0,0,0.0,0,0.0,0,0.0,0
51,George Hemmings,M,4.5,Aston Villa,0.01,1,0.01,1,0.01,1,0.01,1,0.01,1,0.01,1,0.01,1,0.01,1,0.01,1,0.01,1,0.01,1,0.01,1,0.01,1,0.01,1
52,Alysson,M,5.0,Aston Villa,0.17,10,0.17,10,0.19,10,0.19,10,0.18,10,0.19,10,0.17,10,0.17,10,0.19,10,0.17,10,0.19,10,0.18,10,0.19,10,0.18,10
53,Manzambi,M,6.0,Aston Villa,0.0,0,0.0,0,0.0,0,0.0,0,0.0,0,0.0,0,0.0,0,0.0,0,0.0,0,0.0,0,0.0,0,0.0,0,0.0,0,0.0,0
54,Gomes,M,5.5,Aston Villa,0.0,0,0.0,0,0.0,0,0.0,0,0.0,0,0.0,0,0.0,0,0.0,0,0.0,0,0.0,0,0.0,0,0.0,0,0.0,0,0.0,0
55,Watkins,F,8.0,Aston Villa,3.57,83,3.97,83,4.25,83,4.57,83,3.94,83,4.55,83,3.89,83,4.26,83,4.58,83,3.79,83,4.67,83,3.97,83,4.57,83,4.5,83
56,Abraham,F,5.5,Aston Villa,0.72,36,0.74,36,1.09,48,1.23,53,1.15,56,1.29,56,1.14,56,1.19,56,1.29,56,1.1,56,1.33,56,1.16,56,1.29,56,1.27,56
57,Petrović,G,4.5,Bournemouth,2.84,85,3.27,85,2.76,85,3.25,85,2.98,85,2.82,85,3.45,85,2.85,85,3.25,85,2.8,85,3.24,85,2.78,85,3.14,85,3.35,85
58,Forster,G,4.0,Bournemouth,0.14,5,0.15,5,0.14,5,0.15,5,0.14,5,0.14,5,0.16,5,0.15,5,0.15,5,0.14,5,0.15,5,0.14,5,0.15,5,0.15,5
59,Dennis,G,4.0,Bournemouth,0.06,2,0.06,2,0.06,2,0.06,2,0.06,2,0.06,2,0.07,2,0.06,2,0.06,2,0.06,2,0.06,2,0.06,2,0.06,2,0.07,2
60,Hill,D,5.5,Bournemouth,2.82,83,3.19,83,2.87,83,3.14,83,3.01,83,2.82,83,3.26,83,2.85,83,3.16,83,2.93,83,3.13,83,2.83,83,3.04,83,3.27,83
61,Truffert,D,5.5,Bournemouth,3.06,83,4.0,83,3.17,83,3.92,83,3.69,83,3.15,83,4.17,83,3.16,83,3.98,83,3.29,83,3.96,83,3.17,83,3.8,83,4.19,83
62,Diakité,D,5.0,Bournemouth,0.05,3,0.07,3,0.05,3,0.07,3,0.06,3,0.05,3,0.07,3,0.05,3,0.07,3,0.06,3,0.07,3,0.05,3,0.06,3,0.07,3
63,Milosavljević,D,5.0,Bournemouth,0.0,0,0.0,0,0.0,0,0.0,0,0.0,0,0.0,0,0.0,0,0.0,0,0.0,0,0.0,0,0.0,0,0.0,0,0.0,0,0.0,0
64,Smith,D,4.5,Bournemouth,1.02,55,1.27,55,1.02,55,1.22,55,1.13,55,1.01,55,1.32,55,1.01,55,1.24,55,1.08,55,1.24,55,1.03,55,1.17,55,1.31,55
65,J.Araujo,D,4.5,Bournemouth,0.0,0,0.0,0,0.0,0,0.0,0,0.0,0,0.0,0,0.0,0,0.0,0,0.0,0,0.0,0,0.0,0,0.0,0,0.0,0,0.0,0
66,Soler,D,4.0,Bournemouth,0.0,0,0.0,0,0.0,0,0.01,0,0.01,0,0.01,0,0.01,0,0.01,0,0.01,0,0.01,0,0.01,0,0.01,0,0.01,0,0.01,0
67,Rayan,M,6.5,Bournemouth,2.72,81,3.15,81,2.81,81,3.09,81,2.94,81,2.76,81,3.21,81,2.74,81,3.13,81,2.91,81,3.11,81,2.78,81,3.02,81,3.35,81
68,Tavernier,M,6.0,Bournemouth,3.57,83,4.28,83,3.77,83,4.24,83,4.04,83,3.72,83,4.4,83,3.7,83,4.3,83,3.92,83,4.27,83,3.76,83,4.16,83,4.59,83
69,Scott,M,6.0,Bournemouth,3.19,78,3.57,78,3.31,78,3.55,78,3.43,78,3.27,78,3.62,78,3.27,78,3.57,78,3.41,78,3.54,78,3.28,78,3.48,78,3.73,78
70,Kluivert,M,6.0,Bournemouth,2.05,82,2.39,82,2.13,82,2.34,82,2.21,82,2.09,82,2.44,82,2.06,82,2.38,82,2.21,82,2.36,82,2.1,82,2.28,82,2.57,82
71,Cook,M,5.0,Bournemouth,1.76,79,1.96,79,1.75,79,1.89,79,1.79,79,1.69,79,1.92,79,1.69,79,1.89,79,1.79,79,1.86,79,1.7,79,1.82,79,1.98,79
72,Gannon-Doak,M,5.0,Bournemouth,0.61,42,0.72,42,0.65,42,0.72,42,0.68,42,0.65,42,0.75,42,0.64,42,0.73,42,0.69,42,0.72,42,0.66,42,0.7,42,0.79,42
73,Adams,M,5.0,Bournemouth,1.36,53,1.56,53,1.96,69,2.36,77,2.41,81,2.34,81,2.58,81,2.35,81,2.52,81,2.46,81,2.5,81,2.37,81,2.45,81,2.64,81
74,Brooks,M,5.0,Bournemouth,1.05,50,1.26,50,1.47,65,1.83,72,1.82,76,1.7,76,2.02,76,1.68,76,1.97,76,1.81,76,1.95,76,1.72,76,1.88,76,2.14,76
75,Christie,M,5.0,Bournemouth,0.0,0,0.0,0,0.0,0,0.0,0,0.0,0,0.0,0,0.0,0,0.0,0,0.0,0,0.0,0,0.0,0,0.0,0,0.0,0,0.0,0
76,Tóth.A,M,5.0,Bournemouth,0.7,51,0.83,51,0.74,51,0.82,51,0.77,51,0.73,51,0.85,51,0.72,51,0.83,51,0.78,51,0.82,51,0.74,51,0.8,51,0.9,51
77,Adli,M,5.0,Bournemouth,0.0,0,0.0,0,0.0,0,0.0,0,0.0,0,0.0,0,0.0,0,0.0,0,0.0,0,0.0,0,0.0,0,0.0,0,0.0,0,0.0,0
78,Kroupi.Jr,M,7.5,Bournemouth,0.0,0,0.0,0,0.0,0,0.0,0,0.0,0,0.0,0,0.0,0,0.0,0,0.0,0,0.0,0,0.0,0,0.0,0,0.0,0,0.0,0
79,Evanilson,F,6.0,Bournemouth,2.81,83,3.36,83,2.93,83,3.33,83,3.19,83,2.87,83,3.41,83,2.84,83,3.37,83,2.97,83,3.35,83,2.85,83,3.29,83,3.65,83
80,Enes Ünal,F,5.5,Bournemouth,0.0,0,0.0,0,0.0,0,0.0,0,0.0,0,0.0,0,0.0,0,0.0,0,0.0,0,0.0,0,0.0,0,0.0,0,0.0,0,0.0,0
81,Rodríguez,F,6.0,Bournemouth,0.75,32,0.92,32,1.05,41,1.35,46,1.36,49,1.22,49,1.46,49,1.21,49,1.45,49,1.27,49,1.43,49,1.21,49,1.4,49,1.57,49
82,Kelleher,G,5.0,Brentford,3.3,85,3.06,85,3.41,85,3.04,85,3.0,85,3.02,85,2.98,85,3.11,85,3.2,85,3.01,85,3.2,85,3.06,85,2.97,85,2.98,85
83,Valdimarsson,G,4.5,Brentford,0.2,7,0.19,7,0.21,7,0.19,7,0.19,7,0.19,7,0.19,7,0.2,7,0.2,7,0.19,7,0.2,7,0.2,7,0.19,7,0.19,7
84,Collins,D,5.5,Brentford,3.3,81,3.06,81,3.5,81,3.09,81,3.17,81,3.08,81,3.21,81,3.35,81,3.37,81,3.08,81,3.41,81,3.05,81,3.11,81,3.14,81
85,Van den Berg,D,5.0,Brentford,0.0,0,0.0,0,0.0,0,0.0,0,0.0,0,0.0,0,0.0,0,0.0,0,0.0,0,0.0,0,0.0,0,0.0,0,0.0,0,0.0,0
86,Lewis-Potter,M,5.5,Brentford,2.89,83,2.66,83,3.06,83,2.61,83,2.82,83,2.66,83,2.8,83,2.99,83,2.96,83,2.66,83,2.97,83,2.64,83,2.68,83,2.74,83
87,Ajer,D,4.5,Brentford,1.59,53,1.51,53,1.67,53,1.51,53,1.5,53,1.5,53,1.52,53,1.62,53,1.6,53,1.5,53,1.62,53,1.49,53,1.48,53,1.49,53
88,Kayode,D,4.5,Brentford,3.05,82,2.55,82,3.1,82,2.43,82,2.66,82,2.41,82,2.67,82,2.66,82,2.88,82,2.41,82,2.92,82,2.38,82,2.59,82,2.61,82
89,Henry,D,4.5,Brentford,2.05,81,1.82,81,2.17,81,1.81,81,1.95,81,1.81,81,1.95,81,1.95,81,2.08,81,1.81,81,2.1,81,1.79,81,1.9,81,1.91,81
90,Hickey,D,4.5,Brentford,0.95,52,0.75,52,0.99,52,0.71,52,0.81,52,0.71,52,0.81,52,0.8,52,0.91,52,0.71,52,0.92,52,0.7,52,0.79,52,0.79,52
91,Pinnock,D,4.5,Brentford,0.15,5,0.15,5,0.16,5,0.15,5,0.14,5,0.14,5,0.14,5,0.16,5,0.15,5,0.14,5,0.15,5,0.14,5,0.14,5,0.14,5
92,Ji-soo,D,4.5,Brentford,0.61,30,0.52,30,0.65,30,0.52,30,0.57,30,0.52,30,0.58,30,0.56,30,0.62,30,0.52,30,0.62,30,0.51,30,0.56,30,0.56,30
93,Schuster,D,4.5,Brentford,0.99,30,0.86,30,1.03,30,0.84,30,0.89,30,0.83,30,0.9,30,0.91,30,0.96,30,0.83,30,0.97,30,0.82,30,0.87,30,0.87,30
94,Schade,M,6.0,Brentford,3.39,82,3.17,82,3.71,82,3.18,82,3.49,82,3.28,82,3.46,82,3.76,82,3.66,82,3.28,82,3.65,82,3.26,82,3.28,82,3.39,82
95,O.Dango,M,6.5,Brentford,3.54,83,3.18,83,3.72,83,3.11,83,3.47,83,3.18,83,3.44,83,3.62,83,3.63,83,3.18,83,3.62,83,3.16,83,3.26,83,3.36,83
96,Damsgaard,M,5.5,Brentford,3.02,83,2.78,83,3.08,83,2.69,83,2.83,83,2.71,83,2.83,83,3.03,83,2.96,83,2.71,83,2.98,83,2.69,83,2.7,83,2.76,83
97,Jensen,M,5.5,Brentford,3.06,83,2.83,83,3.14,83,2.77,83,2.93,83,2.79,83,2.92,83,3.08,83,3.05,83,2.79,83,3.06,83,2.78,83,2.8,83,2.86,83
98,Janelt,M,5.0,Brentford,2.46,80,2.34,80,2.56,80,2.34,80,2.41,80,2.35,80,2.41,80,2.57,80,2.5,80,2.35,80,2.52,80,2.34,80,2.31,80,2.36,80
99,Milambo,M,5.0,Brentford,0.0,0,0.0,0,0.0,0,0.0,0,0.0,0,0.0,0,0.0,0,0.0,0,0.0,0,0.0,0,0.0,0,0.0,0,0.0,0,0.0,0
100,Carvalho,M,5.0,Brentford,0.32,19,0.3,19,0.45,25,0.42,28,0.48,30,0.45,30,0.48,30,0.53,30,0.51,30,0.45,30,0.51,30,0.45,30,0.45,30,0.46,30
101,Henderson,M,5.0,Chelsea,1.08,51,1.11,51,1.29,67,1.75,74,1.59,78,1.7,78,1.65,78,1.69,78,1.66,78,1.67,78,1.73,78,1.63,78,1.68,78,1.63,78
102,Yarmoliuk,M,5.0,Brentford,2.48,78,2.4,78,2.55,78,2.39,78,2.4,78,2.39,78,2.43,78,2.59,78,2.49,78,2.39,78,2.52,78,2.38,78,2.34,78,2.37,78
103,Dasilva,M,5.0,Brentford,0.81,45,0.76,45,0.85,45,0.75,45,0.78,45,0.76,45,0.77,45,0.87,45,0.82,45,0.76,45,0.83,45,0.75,45,0.73,45,0.75,45
104,Onyeka,M,5.0,Coventry City,0.05,3,0.06,3,0.05,3,0.05,3,0.05,3,0.05,3,0.05,3,0.05,3,0.06,3,0.05,3,0.05,3,0.05,3,0.06,3,0.05,3
105,Anthony,M,6.0,Brentford,3.1,83,2.87,83,3.18,83,2.78,83,2.96,83,2.82,83,2.94,83,3.15,83,3.08,83,2.82,83,3.08,83,2.8,83,2.81,83,2.88,83
106,Thiago,F,8.0,Brentford,4.27,83,3.58,83,4.4,83,3.43,83,4.13,83,3.52,83,4.07,83,4.04,83,4.29,83,3.52,83,4.26,83,3.52,83,3.81,83,3.97,83
107,Furo,F,4.5,Brentford,0.17,15,0.15,15,0.19,15,0.15,15,0.17,15,0.15,15,0.17,15,0.18,15,0.18,15,0.15,15,0.18,15,0.15,15,0.15,15,0.16,15
108,Wilson,F,5.5,Brentford,2.05,80,1.83,80,2.22,80,1.81,80,2.12,80,1.88,80,2.09,80,2.16,80,2.2,80,1.88,80,2.19,80,1.87,80,1.95,80,2.04,80
109,Verbruggen,G,4.5,Brighton,3.21,85,2.92,85,3.18,85,2.9,85,2.86,85,2.96,85,3.01,85,2.81,85,2.83,85,3.13,85,2.99,85,3.11,85,2.87,85,2.89,85
110,Rushworth,G,4.5,Coventry City,2.79,84,3.12,84,2.83,84,2.95,84,2.81,84,2.98,84,2.81,84,2.98,84,3.15,84,2.81,84,2.92,84,2.76,84,3.05,84,2.85,84
111,Steele,G,4.0,Brighton,0.24,7,0.23,7,0.24,7,0.23,7,0.23,7,0.23,7,0.23,7,0.23,7,0.23,7,0.24,7,0.23,7,0.24,7,0.23,7,0.23,7
112,Van Hecke,D,5.0,Spurs,3.1,83,3.42,83,3.07,83,3.4,83,3.32,83,2.9,83,3.39,83,2.89,83,3.23,83,2.96,83,3.49,83,3.13,83,3.3,83,3.0,83
113,F.Kadıoğlu,D,4.5,Brighton,3.39,83,2.7,83,3.36,83,2.82,83,2.91,83,2.84,83,3.18,83,2.59,83,2.54,83,3.24,83,2.98,83,3.23,83,2.64,83,2.73,83
114,Boscagli,D,4.5,Brighton,1.35,42,1.18,42,1.36,42,1.24,42,1.24,42,1.26,42,1.32,42,1.19,42,1.16,42,1.34,42,1.29,42,1.35,42,1.2,42,1.22,42
115,De Cuyper,D,4.5,Brighton,2.2,74,1.71,74,2.15,74,1.76,74,1.85,74,1.75,74,2.03,74,1.61,74,1.58,74,2.07,74,1.87,74,2.05,74,1.63,74,1.69,74
116,Dunk,D,4.5,Brighton,2.5,69,2.11,69,2.44,69,2.18,69,2.14,69,2.19,69,2.31,69,2.04,69,1.98,69,2.36,69,2.28,69,2.36,69,2.07,69,2.12,69
117,Coppola,D,4.5,Brighton,0.69,30,0.6,30,0.7,30,0.62,30,0.64,30,0.62,30,0.68,30,0.61,30,0.59,30,0.69,30,0.64,30,0.69,30,0.61,30,0.61,30
118,Igor,D,4.5,Brighton,0.0,0,0.0,0,0.0,0,0.0,0,0.0,0,0.0,0,0.0,0,0.0,0,0.0,0,0.0,0,0.0,0,0.0,0,0.0,0,0.0,0
119,Costinha,D,4.5,Brighton,0.98,30,0.85,30,1.0,30,0.9,30,0.9,30,0.91,30,0.96,30,0.85,30,0.83,30,0.98,30,0.94,30,0.98,30,0.86,30,0.88,30
120,Svoboda,D,5.0,Brighton,2.43,64,2.09,64,2.46,64,2.23,64,2.21,64,2.26,64,2.38,64,2.1,64,2.05,64,2.42,64,2.34,64,2.42,64,2.13,64,2.18,64
121,Mitoma,M,6.0,Brighton,0.0,0,0.0,0,0.0,0,0.0,0,0.0,0,0.0,0,0.0,0,0.0,0,0.0,0,0.0,0,0.0,0,0.0,0,0.0,0,0.0,0
122,Minteh,M,6.0,Brighton,0.0,0,0.0,0,0.0,0,0.0,0,0.0,0,0.0,0,0.0,0,0.0,0,0.0,0,0.0,0,0.06,2,1.47,43,1.58,51,1.64,51
123,Hinshelwood,M,6.0,Brighton,3.1,82,2.82,82,3.07,82,2.93,82,2.73,82,2.86,82,2.96,82,2.7,82,2.66,82,3.0,82,3.12,82,2.94,82,2.71,82,2.8,82
124,Groß,M,5.5,Brighton,3.7,81,3.27,81,3.71,81,3.43,81,3.33,81,3.37,81,3.6,81,3.19,81,3.13,81,3.65,81,3.62,81,3.6,81,3.21,81,3.32,81
125,Georginio,F,5.5,Brighton,1.92,79,1.65,79,1.92,79,1.71,79,1.66,79,1.63,79,1.85,79,1.56,79,1.54,79,1.88,79,1.85,79,1.82,79,1.55,79,1.62,79
126,O'Riley,M,5.5,Brighton,0.56,23,0.49,23,0.57,23,0.53,23,0.49,23,0.51,23,0.55,23,0.48,23,0.47,23,0.56,23,0.57,23,0.54,23,0.48,23,0.5,23
127,Gomez,M,5.0,Brighton,2.8,82,2.56,82,2.84,82,2.72,82,2.53,82,2.67,82,2.75,82,2.52,82,2.47,82,2.8,82,2.92,82,2.74,82,2.53,82,2.62,82
128,Buonanotte,M,5.0,Brighton,0.0,0,0.0,0,0.0,0,0.0,0,0.0,0,0.0,0,0.0,0,0.0,0,0.0,0,0.0,0,0.0,0,0.0,0,0.0,0,0.0,0
129,Ayari,M,5.5,Brighton,1.84,66,1.72,66,1.87,66,1.82,66,1.68,66,1.8,66,1.81,66,1.71,66,1.66,66,1.85,66,1.94,66,1.82,66,1.72,66,1.76,66
130,Wieffer,D,5.0,Brighton,2.73,82,2.44,82,2.67,82,2.5,82,2.39,82,2.49,82,2.56,82,2.39,82,2.32,82,2.6,82,2.61,82,2.59,82,2.41,82,2.44,82
131,Baleba,M,5.0,Brighton,1.07,39,1.16,47,1.27,47,1.42,55,1.34,55,1.6,63,1.64,63,1.52,63,1.48,63,1.67,63,1.71,63,1.65,63,1.53,63,1.57,63
132,Howell,M,4.5,Brighton,0.0,0,0.0,0,0.0,0,0.0,0,0.0,0,0.0,0,0.0,0,0.0,0,0.0,0,0.0,0,0.0,0,0.0,0,0.0,0,0.0,0
133,Watson,M,5.0,Brighton,0.0,0,0.0,0,0.0,0,0.0,0,0.0,0,0.0,0,0.0,0,0.0,0,0.0,0,0.0,0,0.0,0,0.0,0,0.0,0,0.0,0
134,Oriola,M,4.5,Brighton,0.0,0,0.0,0,0.0,0,0.0,0,0.0,0,0.0,0,0.0,0,0.0,0,0.0,0,0.0,0,0.0,0,0.0,0,0.0,0,0.0,0
135,Yohanna,M,5.0,Brighton,0.7,26,0.65,26,0.71,26,0.69,26,0.65,26,0.68,26,0.69,26,0.65,26,0.63,26,0.7,26,0.73,26,0.69,26,0.65,26,0.67,26
136,Welbeck,F,6.0,Chelsea,1.74,54,2.02,54,2.04,71,3.24,79,2.62,83,3.18,83,2.61,83,3.02,83,3.01,83,2.61,83,3.14,83,2.6,83,3.05,83,2.95,83
137,Tzimas,F,5.5,Brighton,0.0,0,0.0,0,0.0,0,0.0,0,0.0,0,0.0,0,0.0,0,0.0,0,0.0,0,0.0,0,0.0,0,0.0,0,0.0,0,0.0,0
138,Kostoulas,F,5.5,Brighton,1.06,58,0.93,58,1.09,58,0.99,58,0.95,58,0.94,58,1.06,58,0.9,58,0.89,58,1.08,58,1.07,58,1.04,58,0.9,58,0.94,58
139,Ferguson,F,5.0,Brighton,0.0,0,0.0,0,0.0,0,0.0,0,0.0,0,0.15,10,0.2,12,0.2,14,0.2,14,0.28,16,0.28,16,0.27,16,0.23,16,0.24,16
140,Sánchez,G,5.0,Chelsea,2.93,84,3.04,84,2.78,84,3.19,84,2.75,84,2.93,84,2.88,84,3.04,84,2.99,84,2.93,84,3.1,84,2.87,84,2.98,84,2.85,84
141,Jörgensen,G,5.0,Chelsea,0.0,0,0.0,0,0.0,0,0.0,0,0.0,0,0.0,0,0.0,0,0.0,0,0.0,0,0.0,0,0.0,0,0.0,0,0.0,0,0.0,0
142,James,D,5.5,Chelsea,1.92,69,2.12,69,1.72,69,2.32,69,1.77,69,2.06,69,1.86,69,2.13,69,2.06,69,1.91,69,2.18,69,1.84,69,2.1,69,1.99,69
143,Chalobah,D,5.5,Chelsea,0.0,0,0.0,0,0.0,0,0.0,0,0.0,0,0.0,0,0.0,0,0.0,0,0.0,0,0.0,0,0.0,0,0.0,0,0.0,0,0.0,0
144,Gusto,D,5.0,Chelsea,2.3,77,2.57,77,2.17,77,2.88,77,2.25,77,2.57,77,2.36,77,2.66,77,2.58,77,2.44,77,2.72,77,2.35,77,2.62,77,2.49,77
145,Fofana,D,5.0,Chelsea,0.0,0,0.0,0,0.0,0,0.0,0,0.0,0,0.0,0,0.0,0,0.0,0,0.0,0,0.0,0,0.0,0,0.0,0,0.0,0,0.0,0
146,B.Badiashile,D,4.5,Chelsea,0.06,3,0.06,3,0.05,3,0.06,3,0.06,3,0.06,3,0.06,3,0.06,3,0.06,3,0.06,3,0.06,3,0.06,3,0.06,3,0.06,3
147,Tosin,D,4.5,Chelsea,0.53,26,0.57,26,0.5,26,0.62,26,0.52,26,0.56,26,0.55,26,0.59,26,0.56,26,0.56,26,0.59,26,0.54,26,0.57,26,0.55,26
148,Hato,D,4.5,Chelsea,1.82,76,1.86,76,1.63,76,1.98,76,1.64,76,1.76,76,1.73,76,1.84,76,1.77,76,1.78,76,1.87,76,1.71,76,1.8,76,1.72,76
149,Colwill,D,5.0,Chelsea,1.95,65,2.14,65,1.93,65,2.41,65,2.02,65,2.18,65,2.11,65,2.28,65,2.2,65,2.15,65,2.31,65,2.08,65,2.23,65,2.14,65
150,M.Sarr,D,4.5,Chelsea,0.35,16,0.37,16,0.33,16,0.41,16,0.35,16,0.37,16,0.36,16,0.38,16,0.37,16,0.37,16,0.38,16,0.36,16,0.37,16,0.36,16
151,Acheampong,D,4.5,Chelsea,0.81,50,0.89,50,0.75,50,0.97,50,0.78,50,0.88,50,0.8,50,0.9,50,0.87,50,0.81,50,0.92,50,0.79,50,0.89,50,0.85,50
152,Palestra,D,5.5,Chelsea,2.53,71,2.78,71,2.39,71,3.09,71,2.47,71,2.76,71,2.59,71,2.88,71,2.78,71,2.66,71,2.94,71,2.57,71,2.83,71,2.7,71
153,Disasi,D,4.5,Chelsea,2.51,81,2.69,81,2.3,81,2.91,81,2.34,81,2.6,81,2.44,81,2.71,81,2.62,81,2.48,81,2.75,81,2.41,81,2.65,81,2.55,81
154,Palmer,M,9.5,Chelsea,3.73,78,4.11,78,3.38,78,4.56,78,3.67,78,4.21,78,3.72,78,4.09,78,4.04,78,3.76,78,4.22,78,3.69,78,4.09,78,3.95,78
155,Enzo,M,7.0,Chelsea,3.67,81,4.0,81,3.3,81,4.36,81,3.53,81,4.02,81,3.6,81,3.93,81,3.88,81,3.64,81,4.05,81,3.57,81,3.93,81,3.79,81
156,Neto,M,6.5,Chelsea,2.52,72,2.74,72,2.31,72,3.02,72,2.47,72,2.78,72,2.53,72,2.74,72,2.7,72,2.56,72,2.82,72,2.51,72,2.73,72,2.64,72
157,Estêvão,M,6.5,Chelsea,1.77,72,1.92,72,1.62,72,2.15,72,1.76,72,1.98,72,1.8,72,1.93,72,1.91,72,1.82,72,2.0,72,1.78,72,1.93,72,1.86,72
158,Gittens,M,6.0,Chelsea,0.57,32,0.61,32,0.52,32,0.68,32,0.56,32,0.62,32,0.58,32,0.61,32,0.6,32,0.58,32,0.63,32,0.57,32,0.61,32,0.59,32
159,Caicedo,M,5.5,Chelsea,2.95,83,2.96,83,2.72,83,3.1,83,2.8,83,2.9,83,2.89,83,2.91,83,2.85,83,2.91,83,2.96,83,2.85,83,2.89,83,2.83,83
160,Garnacho,M,6.0,Aston Villa,1.5,60,1.52,60,1.74,60,1.73,60,1.58,60,1.71,60,1.53,60,1.58,60,1.72,60,1.49,60,1.79,60,1.6,60,1.73,60,1.68,60
161,Lavia,M,5.0,Chelsea,1.03,61,1.08,61,0.96,61,1.19,61,1.02,61,1.1,61,1.04,61,1.09,61,1.07,61,1.05,61,1.12,61,1.04,61,1.09,61,1.05,61
162,Andrey Santos,M,5.0,Man Utd,1.57,59,1.59,59,1.45,59,1.41,59,1.42,59,1.48,59,1.41,59,1.5,59,1.41,59,1.5,59,1.39,59,1.5,59,1.42,59,1.56,59
163,D.Essugo,M,4.5,Chelsea,0.35,31,0.37,31,0.31,31,0.42,31,0.34,31,0.38,31,0.35,31,0.37,31,0.36,31,0.36,31,0.39,31,0.35,31,0.37,31,0.36,31
164,Quenda,M,5.5,Chelsea,0.63,21,0.65,21,0.57,21,0.7,21,0.6,21,0.65,21,0.62,21,0.65,21,0.64,21,0.62,21,0.66,21,0.61,21,0.64,21,0.63,21
165,João Pedro,F,7.5,Chelsea,3.07,74,3.59,74,2.85,74,3.99,74,3.12,74,3.75,74,3.12,74,3.57,74,3.56,74,3.12,74,3.7,74,3.1,74,3.6,74,3.49,74
166,N.Jackson,F,6.5,Chelsea,2.38,70,2.78,70,2.2,70,3.1,70,2.42,70,2.9,70,2.41,70,2.76,70,2.75,70,2.41,70,2.86,70,2.4,70,2.78,70,2.69,70
167,Delap,F,5.5,Chelsea,1.65,77,1.88,77,1.49,77,2.09,77,1.63,77,1.94,77,1.63,77,1.84,77,1.83,77,1.63,77,1.91,77,1.62,77,1.85,77,1.79,77
168,Marc Guiu,F,5.0,Chelsea,0.16,10,0.18,10,0.15,10,0.2,10,0.16,10,0.18,10,0.16,10,0.17,10,0.17,10,0.16,10,0.18,10,0.16,10,0.18,10,0.17,10
169,Mheuka,F,4.5,Chelsea,0.3,34,0.35,34,0.27,34,0.41,34,0.31,34,0.37,34,0.31,34,0.35,34,0.34,34,0.31,34,0.37,34,0.31,34,0.35,34,0.33,34
170,Emegha,F,5.0,Chelsea,0.28,14,0.31,14,0.26,14,0.34,14,0.28,14,0.32,14,0.28,14,0.31,14,0.3,14,0.28,14,0.32,14,0.28,14,0.31,14,0.3,14
171,Dovin,G,4.0,Coventry City,0.01,0,0.01,0,0.01,0,0.01,0,0.01,0,0.01,0,0.01,0,0.01,0,0.01,0,0.01,0,0.01,0,0.01,0,0.01,0,0.01,0
172,Wilson,G,4.5,Coventry City,0.22,7,0.25,7,0.23,7,0.24,7,0.23,7,0.25,7,0.23,7,0.25,7,0.26,7,0.23,7,0.24,7,0.23,7,0.25,7,0.24,7
173,Thomas,D,4.0,Coventry City,1.32,59,1.63,59,1.33,59,1.51,59,1.38,59,1.55,59,1.4,59,1.55,59,1.62,59,1.39,59,1.53,59,1.37,59,1.62,59,1.36,59
174,Kitching,D,4.0,Coventry City,1.56,70,1.93,70,1.57,70,1.78,70,1.63,70,1.83,70,1.66,70,1.83,70,1.92,70,1.64,70,1.8,70,1.61,70,1.91,70,1.6,70
175,van Ewijk,D,4.0,Coventry City,1.89,84,2.34,84,1.91,84,2.16,84,1.97,84,2.21,84,2.01,84,2.22,84,2.32,84,1.99,84,2.18,84,1.95,84,2.31,84,1.94,84
176,Dasilva,D,4.0,Coventry City,1.84,82,2.23,82,1.79,82,2.02,82,1.83,82,2.06,82,1.86,82,2.07,82,2.17,82,1.85,82,2.03,82,1.81,82,2.16,82,1.8,82
177,Kesler-Hayden,D,4.0,Coventry City,0.68,30,0.84,30,0.68,30,0.77,30,0.71,30,0.79,30,0.72,30,0.79,30,0.83,30,0.71,30,0.78,30,0.7,30,0.83,30,0.69,30
178,Bidwell,D,4.0,Coventry City,0.64,29,0.77,29,0.61,29,0.68,29,0.61,29,0.7,29,0.63,29,0.7,29,0.73,29,0.62,29,0.69,29,0.61,29,0.73,29,0.6,29
179,Latibeaudiere,D,4.0,Coventry City,1.25,56,1.56,56,1.28,56,1.45,56,1.32,56,1.48,56,1.35,56,1.49,56,1.55,56,1.34,56,1.46,56,1.31,56,1.55,56,1.3,56
180,Woolfenden,D,4.0,Coventry City,0.56,25,0.69,25,0.57,25,0.64,25,0.59,25,0.66,25,0.6,25,0.66,25,0.69,25,0.59,25,0.65,25,0.58,25,0.69,25,0.58,25
181,Brau,D,4.0,Coventry City,0.41,18,0.51,18,0.42,18,0.47,18,0.43,18,0.48,18,0.44,18,0.48,18,0.51,18,0.43,18,0.48,18,0.43,18,0.5,18,0.42,18
182,Amenda,D,4.0,Coventry City,0.95,42,1.16,42,0.94,42,1.06,42,0.96,42,1.08,42,0.98,42,1.08,42,1.13,42,0.97,42,1.06,42,0.95,42,1.13,42,0.94,42
183,Rudoni,M,5.0,Coventry City,1.66,68,2.0,68,1.69,68,1.84,68,1.78,68,1.85,68,1.82,68,1.87,68,1.93,68,1.8,68,1.85,68,1.75,68,1.98,68,1.74,68
184,Grimes,M,5.0,Coventry City,2.05,84,2.5,84,2.15,84,2.35,84,2.29,84,2.38,84,2.34,84,2.4,84,2.48,84,2.31,84,2.38,84,2.26,84,2.54,84,2.24,84
185,Sakamoto,M,5.0,Coventry City,1.24,51,1.5,51,1.27,51,1.38,51,1.33,51,1.39,51,1.36,51,1.4,51,1.45,51,1.34,51,1.38,51,1.31,51,1.48,51,1.3,51
186,Mason-Clark,M,5.5,Coventry City,2.37,84,2.9,84,2.42,84,2.66,84,2.55,84,2.68,84,2.61,84,2.71,84,2.8,84,2.58,84,2.68,84,2.52,84,2.88,84,2.49,84
187,Eccles,M,5.0,Coventry City,1.67,69,2.01,69,1.7,69,1.85,69,1.79,69,1.86,69,1.83,69,1.88,69,1.95,69,1.81,69,1.86,69,1.77,69,2.0,69,1.75,69
188,Torp,M,5.5,Coventry City,2.28,82,2.8,82,2.33,82,2.56,82,2.45,82,2.57,82,2.51,82,2.61,82,2.7,82,2.48,82,2.58,82,2.42,82,2.77,82,2.39,82
189,Shepherd,M,4.5,Coventry City,0.01,1,0.01,1,0.01,1,0.01,1,0.01,1,0.01,1,0.01,1,0.01,1,0.01,1,0.01,1,0.01,1,0.01,1,0.01,1,0.01,1
190,Tchaouna,M,5.5,Coventry City,1.84,76,2.25,76,1.87,76,2.07,76,1.95,76,2.07,76,1.99,76,2.11,76,2.17,76,1.97,76,2.08,76,1.93,76,2.22,76,1.91,76
191,Borges Rodrigues,M,4.5,Coventry City,0.09,6,0.11,6,0.09,6,0.1,6,0.1,6,0.1,6,0.1,6,0.1,6,0.11,6,0.1,6,0.1,6,0.1,6,0.11,6,0.1,6
192,Andrews,M,4.5,Coventry City,0.09,6,0.11,6,0.09,6,0.1,6,0.1,6,0.1,6,0.1,6,0.1,6,0.11,6,0.1,6,0.1,6,0.1,6,0.11,6,0.1,6
193,Wright,F,5.5,Coventry City,0.0,0,0.0,0,0.0,0,0.0,0,0.0,0,0.0,0,0.0,0,0.0,0,0.0,0,0.0,0,0.0,0,0.0,0,0.0,0,0.0,0
194,Thomas-Asante,F,5.0,Coventry City,1.37,80,1.81,80,1.39,80,1.6,80,1.44,80,1.56,80,1.48,80,1.62,80,1.66,80,1.44,80,1.59,80,1.42,80,1.77,80,1.42,80
195,Simms,F,5.0,Coventry City,1.44,84,1.92,84,1.5,84,1.73,84,1.56,84,1.7,84,1.6,84,1.76,84,1.8,84,1.57,84,1.73,84,1.55,84,1.91,84,1.54,84
196,Markelo,F,5.0,Coventry City,0.0,0,0.0,0,0.0,0,0.0,0,0.0,0,0.0,0,0.0,0,0.0,0,0.0,0,0.0,0,0.0,0,0.0,0,0.0,0,0.0,0
197,Bassette,F,4.5,Coventry City,0.0,0,0.0,0,0.0,0,0.0,0,0.0,0,0.0,0,0.0,0,0.0,0,0.0,0,0.0,0,0.0,0,0.0,0,0.0,0,0.0,0
198,Henderson,G,5.0,Crystal Palace,2.01,55,1.94,55,1.93,55,2.1,55,1.86,55,2.05,55,1.89,55,2.04,55,1.91,55,1.89,55,1.91,55,2.12,55,1.89,55,1.89,55
199,Benitez,G,4.5,Crystal Palace,0.79,28,0.79,28,0.78,28,0.85,28,0.77,28,0.84,28,0.78,28,0.83,28,0.79,28,0.79,28,0.78,28,0.85,28,0.8,28,0.79,28
200,Lacroix,D,6.0,Chelsea,3.12,76,3.33,76,2.98,76,3.66,76,3.09,76,3.31,76,3.23,76,3.45,76,3.33,76,3.29,76,3.5,76,3.18,76,3.38,76,3.27,76
201,Muñoz,D,5.5,Crystal Palace,3.07,83,3.13,83,2.84,83,3.61,83,2.77,83,3.39,83,2.75,83,3.33,83,2.9,83,3.11,83,2.92,83,3.64,83,2.7,83,2.75,83
202,Richards,D,5.0,Crystal Palace,2.97,83,2.93,83,2.87,83,3.34,83,2.88,83,3.2,83,2.87,83,3.19,83,2.99,83,3.01,83,2.99,83,3.38,83,2.82,83,2.86,83
203,Canvot,D,5.0,Crystal Palace,2.68,75,2.71,75,2.6,75,2.98,75,2.62,75,2.87,75,2.62,75,2.87,75,2.71,75,2.77,75,2.69,75,3.0,75,2.59,75,2.61,75
204,Mitchell,D,4.5,Crystal Palace,2.64,83,2.67,83,2.43,83,3.03,83,2.36,83,2.86,83,2.35,83,2.82,83,2.46,83,2.62,83,2.47,83,3.06,83,2.3,83,2.34,83
205,Sosa,D,4.5,Crystal Palace,0.38,28,0.39,28,0.36,28,0.47,28,0.36,28,0.44,28,0.36,28,0.43,28,0.38,28,0.4,28,0.38,28,0.47,28,0.35,28,0.36,28
206,Chadi Riad,D,4.5,Crystal Palace,1.12,42,1.1,42,1.14,42,1.26,42,1.16,42,1.22,42,1.16,42,1.22,42,1.2,42,1.17,42,1.2,42,1.28,42,1.14,42,1.16,42
207,Mingueza,D,4.5,Crystal Palace,0.79,27,0.8,27,0.77,27,0.91,27,0.77,27,0.88,27,0.76,27,0.87,27,0.79,27,0.82,27,0.8,27,0.93,27,0.75,27,0.76,27
208,Sarr,M,6.5,Crystal Palace,3.17,83,3.17,83,3.02,83,3.69,83,2.96,83,3.38,83,2.95,83,3.25,83,3.11,83,3.17,83,3.18,83,3.71,83,2.97,83,2.96,83
209,Johnson,M,6.0,Everton,2.25,78,2.05,78,2.23,78,2.17,78,2.46,78,2.37,78,2.2,78,1.95,78,2.11,78,2.41,78,2.1,78,2.18,78,2.09,78,2.3,78
210,Wharton,M,5.5,Crystal Palace,2.84,83,2.75,83,2.66,83,3.05,83,2.61,83,2.86,83,2.6,83,2.82,83,2.72,83,2.73,83,2.74,83,3.06,83,2.58,83,2.6,83
211,Yeremy,M,5.5,Crystal Palace,2.05,74,2.11,74,2.05,74,2.53,74,2.06,74,2.35,74,2.05,74,2.28,74,2.15,74,2.21,74,2.19,74,2.56,74,2.05,74,2.05,74
212,Hughes,M,4.5,Crystal Palace,1.1,50,1.06,50,1.06,50,1.21,50,1.04,50,1.13,50,1.04,50,1.11,50,1.08,50,1.07,50,1.1,50,1.21,50,1.03,50,1.04,50
213,Lerma,M,5.0,Crystal Palace,2.18,77,2.17,77,2.23,77,2.5,77,2.28,77,2.4,77,2.27,77,2.37,77,2.36,77,2.31,77,2.37,77,2.54,77,2.26,77,2.27,77
214,Kamada,M,5.0,Crystal Palace,2.24,83,2.15,83,2.11,83,2.4,83,2.07,83,2.25,83,2.07,83,2.21,83,2.16,83,2.14,83,2.18,83,2.41,83,2.05,83,2.07,83
215,Devenny,M,5.0,Crystal Palace,0.67,28,0.66,28,0.65,28,0.73,28,0.65,28,0.69,28,0.65,28,0.68,28,0.67,28,0.66,28,0.68,28,0.73,28,0.65,28,0.65,28
216,Esse,M,5.0,Crystal Palace,0.48,29,0.47,29,0.47,29,0.55,29,0.47,29,0.51,29,0.47,29,0.5,29,0.49,29,0.48,29,0.5,29,0.55,29,0.46,29,0.47,29
217,M.França,M,5.0,Crystal Palace,0.58,29,0.57,29,0.57,29,0.64,29,0.57,29,0.61,29,0.56,29,0.6,29,0.59,29,0.58,29,0.59,29,0.65,29,0.56,29,0.56,29
218,Doucouré,M,5.0,Crystal Palace,0.63,29,0.62,29,0.62,29,0.7,29,0.62,29,0.66,29,0.62,29,0.65,29,0.64,29,0.63,29,0.65,29,0.71,29,0.61,29,0.62,29
219,J.Rak-Sakyi,M,5.0,Crystal Palace,0.47,29,0.46,29,0.46,29,0.53,29,0.46,29,0.5,29,0.45,29,0.49,29,0.47,29,0.47,29,0.48,29,0.54,29,0.45,29,0.45,29
220,Cardines,D,4.5,Crystal Palace,0.0,0,0.0,0,0.0,0,0.0,0,0.0,0,0.0,0,0.0,0,0.0,0,0.0,0,0.0,0,0.0,0,0.0,0,0.0,0,0.0,0
221,Drakes-Thomas,M,4.5,Crystal Palace,0.01,1,0.01,1,0.01,1,0.01,1,0.01,1,0.01,1,0.01,1,0.01,1,0.01,1,0.01,1,0.01,1,0.01,1,0.01,1,0.01,1
222,Strand Larsen,F,6.0,Crystal Palace,2.18,83,2.3,83,2.13,83,2.66,83,2.11,83,2.45,83,2.11,83,2.36,83,2.19,83,2.33,83,2.23,83,2.67,83,2.13,83,2.11,83
223,Mateta,F,6.5,Crystal Palace,2.35,83,2.6,83,2.33,83,3.13,83,2.32,83,2.84,83,2.32,83,2.71,83,2.44,83,2.68,83,2.5,83,3.15,83,2.36,83,2.32,83
224,Nketiah,F,5.5,Crystal Palace,1.44,70,1.51,70,1.42,70,1.78,70,1.41,70,1.64,70,1.41,70,1.57,70,1.47,70,1.55,70,1.5,70,1.79,70,1.43,70,1.41,70
225,Uche,F,5.0,Crystal Palace,0.0,0,0.0,0,0.0,0,0.0,0,0.0,0,0.0,0,0.0,0,0.0,0,0.0,0,0.0,0,0.0,0,0.0,0,0.0,0,0.0,0
226,Pickford,G,5.5,Everton,3.09,84,3.0,84,3.14,84,3.03,84,3.29,84,3.12,84,3.02,84,2.93,84,2.95,84,3.22,84,2.92,84,3.0,84,3.02,84,3.21,84
227,Travers,G,5.0,Everton,0.24,7,0.23,7,0.24,7,0.24,7,0.25,7,0.24,7,0.24,7,0.23,7,0.23,7,0.25,7,0.23,7,0.24,7,0.24,7,0.25,7
228,King,G,4.5,Everton,0.01,0,0.01,0,0.01,0,0.01,0,0.01,0,0.01,0,0.01,0,0.01,0,0.01,0,0.01,0,0.01,0,0.01,0,0.01,0,0.01,0
229,Tarkowski,D,6.0,Everton,3.48,82,3.27,82,3.43,82,3.38,82,3.7,82,3.52,82,3.33,82,3.12,82,3.23,82,3.62,82,3.23,82,3.38,82,3.24,82,3.53,82
230,Branthwaite,D,5.5,Everton,2.6,77,2.35,77,2.56,77,2.43,77,2.79,77,2.54,77,2.47,77,2.24,77,2.31,77,2.72,77,2.31,77,2.5,77,2.33,77,2.66,77
231,Keane,D,5.0,Everton,2.85,80,2.76,80,2.92,80,2.92,80,3.17,80,3.03,80,2.9,80,2.74,80,2.84,80,3.11,80,2.84,80,2.94,80,2.83,80,3.04,80
232,O'Brien,D,5.0,Everton,2.73,82,2.43,82,2.62,82,2.47,82,2.83,82,2.59,82,2.51,82,2.26,82,2.34,82,2.76,82,2.34,82,2.52,82,2.36,82,2.69,82
233,Mykolenko,D,4.5,Everton,2.85,82,2.57,82,2.79,82,2.64,82,3.01,82,2.76,82,2.69,82,2.45,82,2.52,82,2.94,82,2.52,82,2.72,82,2.54,82,2.88,82
234,Patterson,D,4.5,Everton,0.3,15,0.28,15,0.3,15,0.29,15,0.32,15,0.31,15,0.29,15,0.26,15,0.27,15,0.31,15,0.27,15,0.29,15,0.28,15,0.31,15
235,Aznou,D,4.0,Everton,0.0,0,0.0,0,0.0,0,0.0,0,0.0,0,0.0,0,0.0,0,0.0,0,0.0,0,0.0,0,0.0,0,0.0,0,0.0,0,0.0,0
236,Dewsbury-Hall,M,6.5,Everton,3.6,83,3.2,83,3.48,83,3.31,83,3.76,83,3.54,83,3.4,83,2.99,83,3.2,83,3.7,83,3.19,83,3.39,83,3.17,83,3.54,83
237,Ndiaye,M,6.0,Everton,3.59,83,3.22,83,3.47,83,3.34,83,3.76,83,3.58,83,3.4,83,3.02,83,3.24,83,3.7,83,3.23,83,3.4,83,3.2,83,3.53,83
238,Grealish,M,6.5,Man City,2.85,78,2.6,78,2.97,78,2.55,78,2.94,78,2.52,78,3.03,78,2.57,78,2.8,78,2.62,78,2.85,78,2.43,78,2.88,78,2.58,78
239,Garner,M,6.0,Everton,0.33,7,0.31,7,1.05,24,2.38,54,3.34,71,3.64,79,3.61,83,3.37,83,3.55,83,3.87,83,3.54,83,3.63,83,3.52,83,3.74,83
240,Iroegbunam,M,5.0,Everton,0.0,0,0.0,0,0.0,0,0.0,0,0.0,0,0.0,0,0.0,0,0.0,0,0.0,0,0.0,0,0.0,0,0.0,0,0.0,0,0.0,0
241,McNeil,M,5.5,Crystal Palace,1.46,51,1.45,51,1.44,51,1.65,51,1.43,51,1.56,51,1.43,51,1.52,51,1.48,51,1.48,51,1.5,51,1.66,51,1.42,51,1.43,51
242,George,M,5.5,Everton,1.18,70,1.03,70,1.14,70,1.09,70,1.27,70,1.2,70,1.11,70,0.96,70,1.05,70,1.24,70,1.05,70,1.1,70,1.04,70,1.17,70
243,Alcaraz,M,5.0,Everton,1.07,59,0.96,59,1.05,59,1.02,59,1.17,59,1.13,59,1.02,59,0.9,59,0.98,59,1.15,59,0.98,59,1.01,59,0.97,59,1.08,59
244,Armstrong,M,5.0,Everton,0.64,36,0.58,36,0.62,36,0.61,36,0.68,36,0.66,36,0.6,36,0.54,36,0.58,36,0.66,36,0.58,36,0.6,36,0.58,36,0.63,36
245,Dibling,M,5.5,Everton,0.1,6,0.09,6,0.1,6,0.1,6,0.11,6,0.11,6,0.1,6,0.09,6,0.1,6,0.11,6,0.09,6,0.1,6,0.09,6,0.1,6
246,Röhl,M,5.0,Everton,1.35,55,1.26,55,1.31,55,1.3,55,1.42,55,1.39,55,1.29,55,1.19,55,1.26,55,1.39,55,1.26,55,1.28,55,1.26,55,1.34,55
247,Hackney,M,5.5,Everton,1.28,40,1.19,40,1.27,40,1.25,40,1.38,40,1.34,40,1.25,40,1.14,40,1.21,40,1.36,40,1.21,40,1.25,40,1.2,40,1.3,40
248,Beto,F,5.5,Everton,2.7,83,2.26,83,2.62,83,2.38,83,2.91,83,2.6,83,2.59,83,2.12,83,2.34,83,2.85,83,2.32,83,2.55,83,2.28,83,2.67,83
249,Barry,F,5.5,Everton,2.34,83,1.94,83,2.28,83,2.06,83,2.55,83,2.28,83,2.25,83,1.82,83,2.03,83,2.5,83,2.01,83,2.21,83,1.97,83,2.32,83
250,Leno,G,4.5,Fulham,3.04,84,3.13,84,3.31,84,3.13,84,3.4,84,3.24,84,3.6,84,3.22,84,3.19,84,3.47,84,3.17,84,3.33,84,3.21,84,3.22,84
251,Lecomte,G,4.0,Fulham,0.23,7,0.23,7,0.24,7,0.23,7,0.24,7,0.23,7,0.25,7,0.23,7,0.23,7,0.24,7,0.23,7,0.24,7,0.23,7,0.23,7
252,McNally,G,4.0,Fulham,0.01,0,0.01,0,0.01,0,0.01,0,0.01,0,0.01,0,0.01,0,0.01,0,0.01,0,0.01,0,0.01,0,0.01,0,0.01,0,0.01,0
253,Andersen,D,5.0,Fulham,0.0,0,0.0,0,0.0,0,0.0,0,0.0,0,0.0,0,0.0,0,0.0,0,0.0,0,0.0,0,0.0,0,0.0,0,0.0,0,0.0,0
254,Robinson,D,4.5,Fulham,2.7,80,2.69,80,2.97,80,2.64,80,2.98,80,2.81,80,3.27,80,2.79,80,2.68,80,3.07,80,2.6,80,2.97,80,2.78,80,2.77,80
255,J.Cuenca,D,4.5,Fulham,0.43,19,0.44,19,0.43,19,0.4,19,0.41,19,0.42,19,0.45,19,0.41,19,0.4,19,0.43,19,0.38,19,0.41,19,0.42,19,0.41,19
256,Tete,D,4.5,Fulham,0.95,28,0.92,28,0.99,28,0.87,28,0.98,28,0.92,28,1.08,28,0.91,28,0.88,28,1.01,28,0.85,28,0.97,28,0.91,28,0.91,28
257,Bassey,D,4.5,Fulham,2.85,82,2.82,82,3.12,82,2.74,82,3.12,82,2.92,82,3.44,82,2.9,82,2.79,82,3.24,82,2.7,82,3.09,82,2.89,82,2.88,82
258,Castagne,D,4.5,Fulham,2.55,79,2.51,79,2.82,79,2.53,79,2.86,79,2.67,79,3.1,79,2.66,79,2.58,79,2.93,79,2.52,79,2.87,79,2.66,79,2.64,79
259,Diop,D,4.0,Ipswich Town,1.2,40,1.06,40,1.23,40,1.2,40,1.25,40,1.37,40,1.19,40,1.38,40,1.31,40,1.33,40,1.26,40,1.37,40,1.26,40,1.23,40
260,Wilson,M,6.5,Leeds,2.6,83,2.81,83,2.51,83,2.73,83,2.74,83,2.32,83,2.71,83,2.6,83,2.45,83,2.74,83,2.5,83,2.95,83,2.39,83,3.02,83
261,Iwobi,M,5.5,Fulham,3.09,82,3.02,82,3.25,82,2.91,82,3.24,82,3.12,82,3.57,82,3.13,82,2.98,82,3.28,82,2.87,82,3.33,82,3.09,82,3.05,82
262,Smith Rowe,M,5.5,Fulham,2.44,82,2.43,82,2.51,82,2.3,82,2.49,82,2.47,82,2.75,82,2.48,82,2.35,82,2.51,82,2.27,82,2.56,82,2.44,82,2.41,82
263,Kevin,M,5.5,Fulham,1.72,81,1.7,81,1.8,81,1.61,81,1.79,81,1.75,81,2.01,81,1.76,81,1.65,81,1.81,81,1.58,81,1.84,81,1.73,81,1.7,81
264,Bobb,M,5.5,Fulham,1.95,83,1.97,83,2.05,83,1.88,83,2.05,83,2.03,83,2.27,83,2.04,83,1.93,83,2.06,83,1.86,83,2.1,83,2.01,83,1.98,83
265,Berge,M,5.0,Fulham,1.73,59,1.75,59,1.78,59,1.66,59,1.75,59,1.75,59,1.91,59,1.75,59,1.68,59,1.79,59,1.62,59,1.78,59,1.74,59,1.73,59
266,Cairney,M,5.0,Fulham,0.0,0,0.0,0,0.0,0,0.0,0,0.0,0,0.56,28,0.76,34,0.79,40,0.75,40,0.92,45,0.83,45,0.94,45,0.89,45,0.88,45
267,Lukić,M,5.0,Ipswich Town,2.14,69,1.89,69,1.99,69,1.92,69,1.96,69,2.07,69,1.84,69,2.08,69,2.11,69,2.07,69,1.98,69,2.07,69,2.0,69,1.91,69
268,King,M,5.5,Fulham,1.53,81,1.5,81,1.57,81,1.38,81,1.54,81,1.51,81,1.75,81,1.52,81,1.42,81,1.56,81,1.36,81,1.6,81,1.49,81,1.47,81
269,Sessegnon,D,4.5,Fulham,2.55,82,2.51,82,2.64,82,2.39,82,2.6,82,2.52,82,2.85,82,2.51,82,2.41,82,2.67,82,2.33,82,2.63,82,2.51,82,2.48,82
270,Reed,M,4.5,Fulham,0.31,21,0.31,21,0.32,21,0.29,21,0.31,21,0.31,21,0.35,21,0.31,21,0.3,21,0.31,21,0.28,21,0.32,21,0.31,21,0.3,21
271,Muniz,F,5.5,Fulham,2.32,83,2.15,83,2.35,83,2.07,83,2.33,83,2.2,83,2.59,83,2.23,83,2.12,83,2.31,83,2.06,83,2.45,83,2.19,83,2.15,83
272,Kusi-Asare,F,4.5,Fulham,0.35,28,0.32,28,0.35,28,0.31,28,0.35,28,0.33,28,0.4,28,0.34,28,0.32,28,0.35,28,0.3,28,0.37,28,0.33,28,0.32,28
273,Phillips,G,4.0,Hull City,0.14,4,0.34,10,0.34,10,0.35,10,0.35,10,0.35,10,0.35,10,0.35,10,0.35,10,0.34,10,0.35,10,0.34,10,0.35,10,0.35,10
274,Butland,G,4.5,Hull City,0.0,0,0.0,0,0.0,0,0.0,0,0.0,0,0.0,0,0.0,0,0.0,0,0.0,0,0.0,0,0.0,0,0.0,0,0.0,0,0.0,0
275,Cartwright,G,4.0,Hull City,0.0,0,0.0,0,0.0,0,0.0,0,0.0,0,0.0,0,0.0,0,0.0,0,0.0,0,0.0,0,0.0,0,0.0,0,0.0,0,0.0,0
276,Lo-Tutala,G,4.0,Hull City,0.0,0,0.0,0,0.0,0,0.0,0,0.0,0,0.0,0,0.0,0,0.0,0,0.0,0,0.0,0,0.0,0,0.0,0,0.0,0,0.0,0
277,Egan,D,4.0,Hull City,2.13,83,1.96,83,2.16,83,1.87,83,1.88,83,2.18,83,1.88,83,2.14,83,2.24,83,1.82,83,2.09,83,1.89,83,2.15,83,1.88,83
278,Hughes,D,4.0,Hull City,0.0,0,0.0,0,0.0,0,0.0,0,0.0,0,0.0,0,0.0,0,0.0,0,0.0,0,0.0,0,0.0,0,0.0,0,0.0,0,0.0,0
279,Ajayi,D,4.0,Hull City,1.96,77,1.83,77,2.03,77,1.77,77,1.79,77,2.06,77,1.79,77,2.03,77,2.12,77,1.73,77,1.98,77,1.8,77,2.04,77,1.79,77
280,Coyle,D,4.0,Hull City,2.06,81,1.91,81,2.12,81,1.85,81,1.87,81,2.15,81,1.86,81,2.12,81,2.21,81,1.8,81,2.06,81,1.87,81,2.13,81,1.86,81
281,Drameh,D,4.0,Hull City,1.44,56,1.34,56,1.48,56,1.29,56,1.3,56,1.5,56,1.3,56,1.48,56,1.54,56,1.26,56,1.44,56,1.31,56,1.49,56,1.3,56
282,Giles,D,4.0,Hull City,1.65,65,1.49,65,1.63,65,1.39,65,1.39,65,1.62,65,1.39,65,1.59,65,1.67,65,1.34,65,1.55,65,1.4,65,1.6,65,1.39,65
283,Jacob,D,4.0,Hull City,0.05,2,0.05,2,0.06,2,0.06,3,0.06,3,0.08,3,0.07,3,0.08,3,0.08,3,0.07,3,0.08,3,0.07,3,0.08,3,0.07,3
284,McCarthy,D,4.0,Hull City,0.11,4,0.1,4,0.12,4,0.1,4,0.1,4,0.12,4,0.1,4,0.11,4,0.12,4,0.1,4,0.11,4,0.1,4,0.12,4,0.1,4
285,McNair,D,4.0,Hull City,1.75,69,1.63,69,1.8,69,1.57,69,1.59,69,1.83,69,1.58,69,1.8,69,1.88,69,1.54,69,1.76,69,1.6,69,1.81,69,1.59,69
286,Belloumi,M,5.0,Hull City,2.22,83,2.2,83,2.24,83,2.06,83,2.08,83,2.24,83,2.08,83,2.22,83,2.35,83,1.96,83,2.18,83,2.09,83,2.23,83,2.05,83
287,Millar,M,5.0,Hull City,2.25,84,2.33,84,2.44,84,2.31,84,2.35,84,2.51,84,2.34,84,2.49,84,2.62,84,2.22,84,2.45,84,2.36,84,2.5,84,2.32,84
288,Dowell,M,4.5,Hull City,0.86,54,0.93,54,0.99,54,0.95,54,0.98,54,1.05,54,0.98,54,1.04,54,1.11,54,0.92,54,1.02,54,0.98,54,1.05,54,0.96,54
289,Crooks,M,4.5,Hull City,1.33,83,1.35,83,1.37,83,1.26,83,1.28,83,1.39,83,1.28,83,1.37,83,1.48,83,1.18,83,1.35,83,1.28,83,1.38,83,1.25,83
290,Slater,M,4.5,Hull City,1.1,69,1.1,69,1.12,69,1.03,69,1.04,69,1.13,69,1.04,69,1.12,69,1.21,69,0.96,69,1.09,69,1.04,69,1.12,69,1.01,69
291,Matazo,M,4.5,Hull City,0.0,0,0.0,0,0.0,0,0.0,0,0.0,0,0.0,0,0.0,0,0.0,0,0.0,0,0.0,0,0.0,0,0.0,0,0.0,0,0.0,0
292,Ömür,M,5.0,Hull City,1.64,61,1.63,61,1.66,61,1.53,61,1.54,61,1.66,61,1.54,61,1.65,61,1.74,61,1.45,61,1.61,61,1.55,61,1.65,61,1.52,61
293,Kamara,M,5.0,Hull City,0.0,0,0.0,0,0.0,0,0.0,0,0.0,0,0.0,0,0.0,0,0.0,0,0.0,0,0.0,0,0.0,0,0.0,0,0.0,0,0.0,0
294,Zambrano,M,4.5,Hull City,0.0,0,0.0,0,0.0,0,0.0,0,0.0,0,0.0,0,0.0,0,0.0,0,0.0,0,0.0,0,0.0,0,0.0,0,0.0,0,0.0,0
295,McBurnie,F,5.5,Hull City,1.91,84,1.79,84,1.95,84,1.69,84,1.72,84,1.96,84,1.68,84,1.95,84,2.16,84,1.54,84,1.93,84,1.7,84,1.97,84,1.61,84
296,Akintola,M,5.0,Hull City,0.08,3,0.08,3,0.08,3,0.07,3,0.08,3,0.08,3,0.08,3,0.08,3,0.09,3,0.07,3,0.08,3,0.08,3,0.08,3,0.07,3
297,Gyabi,M,4.5,Hull City,0.0,0,0.0,0,0.0,0,0.0,0,0.0,0,0.0,0,0.0,0,0.0,0,0.0,0,0.0,0,0.0,0,0.0,0,0.0,0,0.0,0
298,Destan,F,4.5,Hull City,0.0,0,0.0,0,0.0,0,0.0,0,0.0,0,0.0,0,0.0,0,0.0,0,0.0,0,0.0,0,0.0,0,0.0,0,0.0,0,0.0,0
299,Burstow,F,4.5,Hull City,0.0,0,0.0,0,0.0,0,0.0,0,0.0,0,0.0,0,0.0,0,0.0,0,0.0,0,0.0,0,0.0,0,0.0,0,0.0,0,0.0,0
300,Walton,G,4.5,Ipswich Town,0.15,4,1.01,30,1.0,30,0.99,30,1.0,30,1.07,30,0.99,30,1.08,30,1.03,30,1.03,30,1.0,30,1.07,30,1.0,30,0.98,30
301,Palmer,G,4.0,Ipswich Town,0.03,1,0.01,0,0.01,0,0.01,0,0.01,0,0.01,0,0.01,0,0.01,0,0.01,0,0.01,0,0.01,0,0.01,0,0.01,0,0.01,0
302,Button,G,4.0,Ipswich Town,0.0,0,0.0,0,0.0,0,0.0,0,0.0,0,0.0,0,0.0,0,0.0,0,0.0,0,0.0,0,0.0,0,0.0,0,0.0,0,0.0,0
303,Kipré,D,4.0,Ipswich Town,1.52,55,1.27,55,1.39,55,1.28,55,1.3,55,1.45,55,1.25,55,1.46,55,1.36,55,1.41,55,1.31,55,1.45,55,1.31,55,1.28,55
304,O'Shea,D,4.0,Ipswich Town,2.31,84,1.88,84,2.02,84,1.84,84,1.86,84,2.08,84,1.77,84,2.1,84,1.94,84,2.03,84,1.87,84,2.09,84,1.87,84,1.82,84
305,Davis,D,4.0,Ipswich Town,1.69,61,1.41,61,1.54,61,1.43,61,1.45,61,1.61,61,1.38,61,1.62,61,1.51,61,1.57,61,1.46,61,1.61,61,1.46,61,1.42,61
306,Greaves,D,4.0,Ipswich Town,2.18,80,1.82,80,1.99,80,1.84,80,1.87,80,2.08,80,1.79,80,2.1,80,1.95,80,2.03,80,1.88,80,2.09,80,1.88,80,1.83,80
307,Johnson,D,4.0,Ipswich Town,1.15,42,0.97,42,1.05,42,0.98,42,0.99,42,1.1,42,0.95,42,1.11,42,1.03,42,1.07,42,1.0,42,1.11,42,1.0,42,0.97,42
308,Furlong,D,4.0,Ipswich Town,2.32,84,1.94,84,2.12,84,1.96,84,1.99,84,2.22,84,1.91,84,2.23,84,2.07,84,2.16,84,2.01,84,2.22,84,2.0,84,1.95,84
309,Núñez,M,5.0,Ipswich Town,2.32,82,2.08,82,2.16,82,2.12,82,2.16,82,2.25,82,2.03,82,2.26,82,2.32,82,2.24,82,2.18,82,2.25,82,2.2,82,2.1,82
310,Matusiwa,M,5.0,Ipswich Town,0.0,0,0.0,0,0.0,0,0.0,0,0.0,0,0.0,0,0.0,0,0.0,0,0.0,0,0.0,0,0.0,0,0.0,0,0.0,0,0.0,0
311,Burns,M,5.0,Ipswich Town,0.0,0,0.0,0,0.0,0,0.0,0,0.0,0,0.0,0,0.0,0,0.0,0,0.0,0,0.0,0,0.0,0,0.0,0,0.0,0,0.0,0
312,Taylor,M,4.5,Ipswich Town,0.0,0,0.0,0,0.0,0,0.0,0,0.0,0,0.0,0,0.0,0,0.0,0,0.0,0,0.0,0,0.0,0,0.0,0,0.0,0,0.0,0
313,Clarke,M,5.5,Ipswich Town,2.83,84,2.64,84,2.86,84,2.85,84,2.93,84,3.06,84,2.77,84,3.08,84,3.14,84,3.06,84,2.96,84,3.07,84,2.98,84,2.87,84
314,Ogbene,M,5.0,Ipswich Town,0.96,33,0.89,33,0.94,33,0.94,33,0.96,33,1.0,33,0.91,33,1.0,33,1.03,33,1.0,33,0.97,33,1.0,33,0.98,33,0.94,33
315,Fatawu,M,5.5,Ipswich Town,2.4,71,2.12,71,2.21,71,2.14,71,2.17,71,2.29,71,2.04,71,2.3,71,2.35,71,2.29,71,2.2,71,2.29,71,2.22,71,2.12,71
316,Emersonn,F,5.5,Ipswich Town,1.91,79,1.59,79,1.77,79,1.62,79,1.62,79,1.87,79,1.53,79,1.87,79,1.84,79,1.92,79,1.66,79,1.85,79,1.7,79,1.59,79
317,Hirst,F,5.0,Ipswich Town,0.0,0,0.0,0,0.0,0,0.0,0,0.0,0,0.0,0,0.0,0,0.0,0,0.0,0,0.0,0,0.0,0,0.0,0,0.0,0,0.0,0
318,Philogene,M,5.5,Ipswich Town,2.75,83,2.44,83,2.56,83,2.49,83,2.53,83,2.66,83,2.38,83,2.68,83,2.74,83,2.66,83,2.56,83,2.67,83,2.59,83,2.47,83
319,Szmodics,M,5.0,Ipswich Town,0.0,0,0.0,0,0.0,0,0.0,0,0.0,0,0.0,0,0.0,0,0.0,0,0.0,0,0.0,0,0.0,0,0.0,0,0.0,0,0.0,0
320,Akpom,F,5.0,Ipswich Town,0.74,35,0.64,35,0.69,35,0.64,35,0.64,35,0.72,35,0.61,35,0.72,35,0.72,35,0.74,35,0.66,35,0.72,35,0.67,35,0.63,35
321,Walle Egeli,F,4.5,Ipswich Town,0.61,36,0.53,36,0.57,36,0.54,36,0.54,36,0.6,36,0.52,36,0.6,36,0.6,36,0.61,36,0.55,36,0.59,36,0.56,36,0.53,36
322,Al-Hamadi,F,5.0,Ipswich Town,0.82,40,0.7,40,0.77,40,0.72,40,0.72,40,0.81,40,0.68,40,0.81,40,0.8,40,0.83,40,0.73,40,0.8,40,0.75,40,0.7,40
323,McAteer,M,4.5,Ipswich Town,1.28,75,1.12,75,1.17,75,1.15,75,1.17,75,1.23,75,1.09,75,1.24,75,1.3,75,1.24,75,1.19,75,1.23,75,1.21,75,1.14,75
324,Mehmeti,M,5.0,Ipswich Town,2.15,76,1.93,76,2.0,76,1.96,76,1.99,76,2.08,76,1.87,76,2.09,76,2.15,76,2.07,76,2.02,76,2.08,76,2.03,76,1.95,76
325,Darlow,G,4.5,Man Utd,0.16,5,0.17,5,0.15,5,0.15,5,0.15,5,0.16,5,0.15,5,0.15,5,0.15,5,0.16,5,0.15,5,0.16,5,0.14,5,0.16,5
326,Perri,G,4.5,Leeds,0.19,7,0.21,7,0.19,7,0.21,7,0.21,7,0.19,7,0.21,7,0.19,7,0.2,7,0.21,7,0.2,7,0.21,7,0.2,7,0.21,7
327,Bijol,D,5.0,Leeds,2.88,83,3.1,83,2.76,83,3.04,83,2.97,83,2.63,83,2.92,83,2.82,83,2.74,83,3.02,83,2.68,83,3.07,83,2.64,83,3.14,83
328,Struijk,D,5.0,Brighton,3.36,83,2.8,83,3.22,83,2.85,83,2.78,83,2.85,83,3.01,83,2.67,83,2.59,83,3.08,83,2.98,83,3.09,83,2.7,83,2.76,83
329,Rodon,D,4.5,Leeds,2.66,83,2.92,83,2.52,83,2.85,83,2.77,83,2.38,83,2.73,83,2.58,83,2.49,83,2.83,83,2.44,83,2.89,83,2.4,83,2.96,83
330,Bogle,D,4.5,Leeds,2.37,75,2.91,75,2.3,75,2.89,75,2.83,75,2.17,75,2.78,75,2.42,75,2.28,75,2.89,75,2.26,75,3.0,75,2.2,75,3.09,75
331,Gudmundsson,D,4.5,Leeds,0.0,0,0.0,0,0.0,0,0.0,0,0.0,0,0.0,0,0.0,0,0.0,0,0.0,0,0.0,0,0.0,0,0.0,0,0.0,0,0.0,0
332,Justin,D,4.5,Leeds,2.7,82,3.01,82,2.62,82,2.95,82,2.91,82,2.5,82,2.87,82,2.66,82,2.6,82,2.94,82,2.57,82,3.03,82,2.53,82,3.09,82
333,Bornauw,D,4.5,Leeds,0.0,0,0.0,0,0.0,0,0.0,0,0.0,0,0.0,0,0.0,0,0.0,0,0.0,0,0.0,0,0.0,0,0.0,0,0.0,0,0.0,0
334,Muharemović,D,5.0,Leeds,2.4,70,2.65,70,2.32,70,2.63,70,2.58,70,2.21,70,2.54,70,2.44,70,2.31,70,2.63,70,2.27,70,2.7,70,2.22,70,2.77,70
335,Stach,M,6.0,Leeds,3.39,82,3.63,82,3.33,82,3.58,82,3.58,82,3.16,82,3.53,82,3.44,82,3.3,82,3.59,82,3.31,82,3.76,82,3.22,82,3.83,82
336,Okafor,M,6.0,Leeds,2.57,82,2.86,82,2.53,82,2.8,82,2.82,82,2.35,82,2.79,82,2.63,82,2.47,82,2.83,82,2.53,82,3.03,82,2.42,82,3.1,82
337,Aaronson,M,5.5,Leeds,2.71,83,2.92,83,2.68,83,2.89,83,2.9,83,2.53,83,2.86,83,2.79,83,2.65,83,2.91,83,2.68,83,3.09,83,2.59,83,3.15,83
338,Ampadu,M,5.5,Leeds,3.29,83,3.41,83,3.25,83,3.39,83,3.37,83,3.11,83,3.32,83,3.36,83,3.26,83,3.39,83,3.22,83,3.51,83,3.15,83,3.56,83
339,Longstaff,M,5.0,Leeds,1.25,65,1.4,65,1.22,65,1.37,65,1.38,65,1.13,65,1.35,65,1.27,65,1.2,65,1.38,65,1.22,65,1.48,65,1.16,65,1.51,65
340,Gelhardt,M,5.0,Hull City,1.2,72,1.21,72,1.24,72,1.14,72,1.15,72,1.25,72,1.15,72,1.24,72,1.33,72,1.07,72,1.22,72,1.16,72,1.25,72,1.12,72
341,Gnonto,M,5.0,Leeds,0.0,0,0.0,0,0.0,0,0.0,0,0.0,0,0.0,0,0.0,0,0.0,0,0.0,0,0.0,0,0.0,0,0.0,0,0.0,0,0.0,0
342,Harrison,M,5.0,Leeds,0.0,0,0.0,0,0.0,0,0.0,0,0.0,0,0.0,0,0.0,0,0.0,0,0.0,0,0.0,0,0.0,0,0.0,0,0.0,0,0.0,0
343,James,M,5.0,Leeds,1.39,79,1.5,79,1.34,79,1.45,79,1.45,79,1.24,79,1.43,79,1.38,79,1.3,79,1.45,79,1.33,79,1.56,79,1.27,79,1.59,79
344,Gruev,M,5.0,Leeds,0.0,0,0.0,0,0.0,0,0.0,0,0.0,0,0.0,0,0.0,0,0.0,0,0.0,0,0.0,0,0.0,0,0.0,0,0.0,0,0.0,0
345,Tanaka,M,5.0,Leeds,2.22,75,2.34,75,2.24,75,2.35,75,2.36,75,2.16,75,2.33,75,2.33,75,2.24,75,2.37,75,2.25,75,2.48,75,2.19,75,2.52,75
346,Calvert-Lewin,F,6.0,Leeds,3.08,82,3.58,82,3.07,82,3.48,82,3.55,82,2.87,82,3.53,82,3.13,82,2.99,82,3.53,82,3.12,82,3.85,82,2.99,82,3.93,82
347,Nmecha,F,5.5,Leeds,1.98,80,2.33,80,2.06,80,2.33,80,2.39,80,1.95,80,2.37,80,2.14,80,2.04,80,2.37,80,2.13,80,2.6,80,2.03,80,2.65,80
348,Piroe,F,5.0,Leeds,0.0,0,0.0,0,0.0,0,0.0,0,0.0,0,0.0,0,0.0,0,0.0,0,0.0,0,0.0,0,0.0,0,0.0,0,0.0,0,0.0,0
349,Mateo Joseph,F,4.5,Leeds,0.0,0,0.0,0,0.0,0,0.0,0,0.0,0,0.0,0,0.0,0,0.0,0,0.0,0,0.0,0,0.0,0,0.0,0,0.0,0,0.0,0
350,A.Becker,G,5.5,Liverpool,2.91,84,3.29,84,3.09,84,3.21,84,2.93,84,2.88,84,2.78,84,3.08,84,2.89,84,2.89,84,3.09,84,3.0,84,3.5,84,2.89,84
351,Mamardashvili,G,5.0,Liverpool,0.23,7,0.26,7,0.23,7,0.26,7,0.23,7,0.24,7,0.22,7,0.25,7,0.24,7,0.23,7,0.25,7,0.23,7,0.27,7,0.23,7
352,Woodman,G,4.0,Liverpool,0.01,0,0.01,0,0.01,0,0.01,0,0.01,0,0.01,0,0.01,0,0.01,0,0.01,0,0.01,0,0.01,0,0.01,0,0.01,0,0.01,0
353,Pecsi,G,4.0,Liverpool,0.0,0,0.0,0,0.0,0,0.0,0,0.0,0,0.0,0,0.0,0,0.0,0,0.0,0,0.0,0,0.0,0,0.0,0,0.0,0,0.0,0
354,Jaros,G,4.0,Liverpool,0.0,0,0.0,0,0.0,0,0.0,0,0.0,0,0.0,0,0.0,0,0.0,0,0.0,0,0.0,0,0.0,0,0.0,0,0.0,0,0.0,0
355,Davies,G,4.0,Liverpool,0.0,0,0.0,0,0.0,0,0.0,0,0.0,0,0.0,0,0.0,0,0.0,0,0.0,0,0.0,0,0.0,0,0.0,0,0.0,0,0.0,0
356,Virgil,D,6.5,Liverpool,3.53,83,4.02,83,3.68,83,3.88,83,3.4,83,3.49,83,3.35,83,3.7,83,3.46,83,3.42,83,3.7,83,3.54,83,4.17,83,3.32,83
357,Frimpong,D,5.5,Liverpool,1.8,77,2.31,77,1.92,77,2.23,77,1.72,77,1.92,77,1.69,77,2.08,77,1.92,77,1.74,77,2.09,77,1.82,77,2.45,77,1.69,77
358,Kerkez,D,5.5,Liverpool,1.94,77,2.39,77,2.05,77,2.31,77,1.86,77,2.02,77,1.83,77,2.18,77,2.02,77,1.88,77,2.18,77,1.95,77,2.5,77,1.82,77
359,Gomez,D,5.0,Liverpool,0.0,0,0.0,0,0.0,0,0.0,0,0.0,0,0.0,0,0.0,0,0.0,0,0.0,0,0.0,0,0.0,0,0.0,0,0.0,0,0.0,0
360,Bradley,D,5.0,Liverpool,0.0,0,0.0,0,0.0,0,0.0,0,0.0,0,0.0,0,0.0,0,0.0,0,0.0,0,0.0,0,0.0,0,0.0,0,0.0,0,0.0,0
361,Lucky,D,4.0,Liverpool,0.0,0,0.0,0,0.0,0,0.0,0,0.0,0,0.0,0,0.0,0,0.0,0,0.0,0,0.0,0,0.0,0,0.0,0,0.0,0,0.0,0
362,Jacquet,D,5.0,Liverpool,1.24,38,1.44,38,1.32,38,1.43,38,1.25,38,1.3,38,1.24,38,1.37,38,1.3,38,1.26,38,1.37,38,1.29,38,1.52,38,1.23,38
363,Leoni,D,4.0,Liverpool,0.0,0,0.0,0,0.0,0,0.0,0,0.0,0,0.0,0,0.0,0,0.0,0,0.0,0,0.0,0,0.0,0,0.0,0,0.0,0,0.0,0
364,Tsimikas,D,5.0,Liverpool,1.01,38,1.24,38,1.09,38,1.23,38,1.02,38,1.1,38,1.01,38,1.17,38,1.1,38,1.03,38,1.17,38,1.06,38,1.32,38,1.0,38
365,Ramsay,D,4.0,Liverpool,0.02,1,0.02,1,0.02,1,0.02,1,0.02,1,0.02,1,0.02,1,0.02,1,0.02,1,0.02,1,0.02,1,0.02,1,0.02,1,0.02,1
366,Wirtz,M,7.5,Liverpool,2.92,78,3.35,78,3.11,78,3.36,78,2.88,78,3.1,78,2.96,78,3.29,78,3.01,78,2.98,78,3.26,78,3.03,78,3.49,78,2.94,78
367,Gakpo,M,7.0,Liverpool,3.28,83,3.61,83,3.4,83,3.59,83,3.16,83,3.34,83,3.25,83,3.51,83,3.24,83,3.26,83,3.48,83,3.3,83,3.7,83,3.23,83
368,Szoboszlai,M,7.0,Liverpool,3.9,83,4.35,83,4.11,83,4.37,83,3.89,83,4.09,83,3.96,83,4.3,83,4.0,83,3.99,83,4.26,83,4.05,83,4.52,83,3.93,83
369,Ngumoha,M,6.0,Liverpool,1.9,75,2.12,75,1.97,75,2.12,75,1.86,75,1.98,75,1.9,75,2.08,75,1.93,75,1.91,75,2.06,75,1.93,75,2.18,75,1.89,75
370,Chiesa,M,5.5,Liverpool,0.85,54,0.95,54,0.89,54,0.95,54,0.82,54,0.86,54,0.84,54,0.92,54,0.83,54,0.85,54,0.91,54,0.86,54,0.99,54,0.84,54
371,Gravenberch,M,6.0,Liverpool,2.66,83,2.9,83,2.75,83,2.86,83,2.59,83,2.66,83,2.6,83,2.79,83,2.62,83,2.63,83,2.77,83,2.69,83,2.96,83,2.58,83
372,Mac Allister,M,5.5,Liverpool,2.77,83,3.04,83,2.9,83,3.02,83,2.72,83,2.81,83,2.75,83,2.95,83,2.75,83,2.78,83,2.93,83,2.83,83,3.13,83,2.74,83
373,C.Jones,M,5.5,Liverpool,1.77,53,1.93,53,2.53,70,2.92,78,2.91,82,2.95,82,2.94,82,3.06,82,2.89,82,2.96,82,3.04,82,3.0,82,3.18,82,2.92,82
374,Endo,M,5.0,Liverpool,0.91,55,0.97,55,0.96,55,0.96,55,0.9,55,0.89,55,0.91,55,0.94,55,0.88,55,0.92,55,0.93,55,0.94,55,1.0,55,0.9,55
375,Nyoni,M,5.0,Liverpool,0.27,22,0.29,22,0.27,22,0.28,22,0.25,22,0.26,22,0.26,22,0.28,22,0.25,22,0.26,22,0.27,22,0.26,22,0.29,22,0.26,22
376,Bajcetic,M,5.0,Liverpool,0.09,6,0.12,7,0.11,7,0.14,8,0.14,10,0.14,10,0.14,10,0.15,10,0.14,10,0.14,10,0.15,10,0.15,10,0.16,10,0.14,10
377,Munoz,M,6.5,Liverpool,2.48,68,2.78,68,2.63,68,2.8,68,2.47,68,2.61,68,2.53,68,2.74,68,2.54,68,2.55,68,2.72,68,2.58,68,2.9,68,2.51,68
378,McConnell,M,4.5,Liverpool,0.04,2,0.04,2,0.04,2,0.04,2,0.04,2,0.04,2,0.04,2,0.04,2,0.04,2,0.04,2,0.04,2,0.04,2,0.04,2,0.04,2
379,Isak,F,9.0,Liverpool,2.42,76,2.86,76,2.47,76,2.85,76,2.28,76,2.63,76,2.4,76,2.8,76,2.52,76,2.39,76,2.77,76,2.4,76,2.92,76,2.38,76
380,Ekitiké,F,7.5,Liverpool,0.0,0,0.0,0,0.0,0,0.0,0,0.0,0,0.0,0,0.0,0,0.0,0,0.0,0,0.0,0,0.0,0,0.0,0,0.0,0,0.0,0
381,Koumas,M,5.0,Liverpool,0.35,14,0.38,14,0.37,14,0.38,14,0.35,14,0.35,14,0.35,14,0.37,14,0.35,14,0.36,14,0.37,14,0.36,14,0.39,14,0.35,14
382,Danns,F,4.5,Liverpool,0.0,0,0.0,0,0.0,0,0.0,0,0.0,0,0.0,0,0.0,0,0.0,0,0.0,0,0.0,0,0.0,0,0.0,0,0.0,0,0.0,0
383,Elliott,M,5.5,Liverpool,0.02,1,0.03,1,0.03,1,0.03,1,0.02,1,0.02,1,0.02,1,0.03,1,0.02,1,0.02,1,0.03,1,0.03,1,0.03,1,0.02,1
384,Donnarumma,G,5.5,Man City,3.21,85,2.88,81,3.3,81,2.92,81,3.59,81,2.84,81,3.4,81,2.91,81,3.17,81,2.97,81,3.29,81,2.79,81,3.33,81,2.79,81
385,Trafford,G,5.0,Leeds,2.66,85,2.77,85,2.6,85,2.69,85,2.62,85,2.51,85,2.65,85,2.62,85,2.59,85,2.66,85,2.6,85,2.69,85,2.58,85,2.73,85
386,Bettinelli,G,4.5,Man City,0.03,1,0.04,1,0.04,1,0.04,1,0.04,1,0.04,1,0.04,1,0.04,1,0.04,1,0.04,1,0.04,1,0.03,1,0.04,1,0.03,1
387,O'Reilly,D,6.5,Man City,3.1,68,2.69,68,3.33,68,2.63,68,3.42,68,2.6,68,3.43,68,2.67,68,3.08,68,2.74,68,3.21,68,2.51,68,3.26,68,2.65,68
388,Guéhi,D,6.0,Man City,3.37,78,3.07,78,3.61,78,3.01,78,3.74,78,3.0,78,3.71,78,3.05,78,3.37,78,3.12,78,3.5,78,2.9,78,3.56,78,3.02,78
389,Matheus N.,D,6.0,Man City,2.85,78,2.54,78,3.09,78,2.48,78,3.25,78,2.47,78,3.18,78,2.53,78,2.88,78,2.6,78,3.02,78,2.41,78,3.06,78,2.49,78
390,Rúben,D,5.5,Man City,1.3,39,1.19,39,1.35,39,1.11,39,1.41,39,1.11,39,1.37,39,1.13,39,1.23,39,1.17,39,1.3,39,1.07,39,1.32,39,1.11,39
391,Gvardiol,D,5.5,Man City,2.06,60,1.81,60,2.16,60,1.69,60,2.23,60,1.67,60,2.19,60,1.71,60,1.94,60,1.78,60,2.05,60,1.6,60,2.08,60,1.69,60
392,Aït-Nouri,D,5.5,Man City,1.54,50,1.32,50,1.6,50,1.25,50,1.63,50,1.23,50,1.62,50,1.26,50,1.46,50,1.3,50,1.52,50,1.19,50,1.54,50,1.25,50
393,Khusanov,D,5.5,Man City,2.15,65,2.03,65,2.28,65,1.99,65,2.37,65,1.99,65,2.34,65,2.01,65,2.15,65,2.06,65,2.23,65,1.93,65,2.26,65,1.99,65
394,Alleyne,D,5.0,Man City,0.0,0,0.0,0,0.0,0,0.0,0,0.0,0,0.0,0,0.0,0,0.0,0,0.0,0,0.0,0,0.0,0,0.0,0,0.0,0,0.0,0
395,Lewis,D,4.5,Man City,0.25,12,0.22,12,0.26,12,0.22,12,0.27,12,0.21,12,0.27,12,0.22,12,0.24,12,0.22,12,0.25,12,0.21,12,0.26,12,0.22,12
396,Vitor Reis,D,4.5,Man City,0.4,12,0.36,12,0.43,12,0.35,12,0.45,12,0.35,12,0.45,12,0.36,12,0.4,12,0.37,12,0.42,12,0.34,12,0.43,12,0.35,12
397,Semenyo,M,8.5,Man City,3.73,83,3.25,83,3.89,83,3.15,83,3.81,83,3.09,83,3.97,83,3.17,83,3.57,83,3.23,83,3.66,83,2.93,83,3.71,83,3.19,83
398,Foden,M,7.0,Man City,2.94,77,2.55,77,3.03,77,2.44,77,2.95,77,2.39,77,3.07,77,2.46,77,2.77,77,2.51,77,2.84,77,2.27,77,2.87,77,2.48,77
399,Cherki,M,7.5,Man City,3.41,83,2.94,83,3.51,83,2.81,83,3.4,83,2.74,83,3.55,83,2.82,83,3.2,83,2.88,83,3.28,83,2.6,83,3.31,83,2.85,83
400,Doku,M,7.5,Man City,2.72,72,2.36,72,2.8,72,2.27,72,2.75,72,2.23,72,2.84,72,2.29,72,2.59,72,2.34,72,2.65,72,2.14,72,2.68,72,2.3,72
401,Marmoush,F,7.0,Man City,1.81,59,1.49,59,1.9,59,1.47,59,1.81,59,1.43,59,1.93,59,1.47,59,1.74,59,1.49,59,1.77,59,1.36,59,1.79,59,1.5,59
402,Rodrigo,M,6.5,Man City,0.0,0,0.0,0,0.0,0,0.0,0,0.0,0,0.0,0,0.0,0,0.0,0,0.0,0,0.0,0,0.0,0,0.0,0,0.0,0,0.0,0
403,Savinho,M,6.5,Man City,1.98,73,1.76,73,2.09,73,1.73,73,2.05,73,1.69,73,2.14,73,1.74,73,1.93,73,1.78,73,1.98,73,1.62,73,2.0,73,1.75,73
404,Reijnders,M,6.0,Man City,0.0,0,0.0,0,0.0,0,0.0,0,0.0,0,0.0,0,0.0,0,0.0,0,0.0,0,0.0,0,0.0,0,0.0,0,0.0,0,0.0,0
405,N.Gonzalez,M,5.5,Man City,0.96,37,0.94,37,1.07,37,0.97,37,1.09,37,0.98,37,1.11,37,0.99,37,1.04,37,1.0,37,1.05,37,0.94,37,1.07,37,0.99,37
406,Kovačić,M,5.5,Man City,1.25,58,1.15,58,1.29,58,1.1,58,1.27,58,1.09,58,1.31,58,1.11,58,1.19,58,1.14,58,1.22,58,1.03,58,1.24,58,1.12,58
407,Echeverri,M,5.0,Man City,0.3,10,0.27,10,0.31,10,0.27,10,0.31,10,0.26,10,0.32,10,0.27,10,0.29,10,0.27,10,0.3,10,0.25,10,0.3,10,0.27,10
408,Phillips,M,5.0,Man City,0.0,0,0.0,0,0.0,0,0.0,0,0.0,0,0.0,0,0.0,0,0.0,0,0.0,0,0.0,0,0.0,0,0.0,0,0.0,0,0.0,0
409,Mukasa,M,4.5,Man City,0.03,2,0.02,2,0.03,2,0.02,2,0.03,2,0.02,2,0.03,2,0.02,2,0.02,2,0.02,2,0.03,2,0.02,2,0.03,2,0.02,2
410,Monga,M,5.0,Man City,0.27,10,0.25,10,0.28,10,0.25,10,0.28,10,0.25,10,0.28,10,0.25,10,0.26,10,0.25,10,0.27,10,0.24,10,0.27,10,0.25,10
411,Haaland,F,15.5,Man City,4.82,73,3.87,73,5.03,73,3.8,73,4.8,73,3.7,73,5.13,73,3.81,73,4.61,73,3.85,73,4.69,73,3.51,73,4.75,73,3.88,73
412,Lammens,G,5.0,Man Utd,3.23,86,3.5,86,3.2,86,3.18,86,3.21,86,3.45,86,3.15,86,3.29,86,3.17,86,3.46,86,3.12,86,3.49,86,3.09,86,3.47,86
413,Bayindir,G,4.5,Man Utd,0.0,0,0.0,0,0.0,0,0.0,0,0.0,0,0.0,0,0.0,0,0.0,0,0.0,0,0.0,0,0.0,0,0.0,0,0.0,0,0.0,0
414,Heaton,G,4.0,Man Utd,0.0,0,0.0,0,0.0,0,0.0,0,0.0,0,0.0,0,0.0,0,0.0,0,0.0,0,0.0,0,0.0,0,0.0,0,0.0,0,0.0,0
415,Dorgu,M,6.0,Man Utd,2.74,82,3.04,82,2.66,82,2.71,82,2.7,82,2.96,82,2.67,82,2.95,82,2.63,82,2.99,82,2.58,82,2.99,82,2.65,82,3.14,82
416,De Ligt,D,5.0,Man Utd,0.0,0,0.0,0,0.0,0,0.0,0,0.0,0,0.0,0,0.0,0,0.0,0,0.0,0,0.0,0,0.0,0,0.0,0,0.0,0,0.0,0
417,Dalot,D,5.0,Man Utd,2.38,69,2.66,69,2.22,69,2.3,69,2.17,69,2.5,69,2.16,69,2.41,69,2.11,69,2.51,69,2.11,69,2.51,69,2.12,69,2.59,69
418,Maguire,D,5.0,Man Utd,2.76,75,2.99,75,2.63,75,2.64,75,2.57,75,2.87,75,2.57,75,2.75,75,2.51,75,2.88,75,2.53,75,2.87,75,2.53,75,2.93,75
419,Martinez,D,5.0,Man Utd,2.29,69,2.43,69,2.17,69,2.14,69,2.12,69,2.33,69,2.11,69,2.23,69,2.05,69,2.34,69,2.06,69,2.33,69,2.06,69,2.38,69
420,Yoro,D,5.0,Man Utd,1.32,57,1.47,57,1.2,57,1.24,57,1.15,57,1.36,57,1.15,57,1.3,57,1.13,57,1.36,57,1.13,57,1.36,57,1.14,57,1.4,57
421,Heaven,D,4.5,Man Utd,1.07,40,1.09,40,1.02,40,0.97,40,0.99,40,1.05,40,0.99,40,1.01,40,0.96,40,1.05,40,0.97,40,1.05,40,0.97,40,1.07,40
422,Mazraoui,D,4.5,Man Utd,1.62,59,1.8,59,1.6,59,1.62,59,1.59,59,1.77,59,1.59,59,1.7,59,1.55,59,1.78,59,1.55,59,1.77,59,1.55,59,1.81,59
423,Shaw,D,4.5,Man Utd,2.84,83,3.22,83,2.76,83,2.83,83,2.73,83,3.13,83,2.71,83,2.97,83,2.64,83,3.13,83,2.64,83,3.12,83,2.65,83,3.2,83
424,Amass,D,4.0,Man Utd,0.12,5,0.13,5,0.11,5,0.12,5,0.11,5,0.13,5,0.11,5,0.12,5,0.11,5,0.13,5,0.11,5,0.13,5,0.11,5,0.13,5
425,Fredricson,D,4.0,Man Utd,0.0,0,0.0,0,0.0,0,0.0,0,0.0,0,0.0,0,0.0,0,0.0,0,0.0,0,0.0,0,0.0,0,0.0,0,0.0,0,0.0,0
426,B.Fernandes,M,12.0,Man Utd,5.62,83,6.24,83,5.08,83,5.39,83,5.0,83,5.71,83,4.96,83,5.86,83,4.96,83,5.8,83,4.84,83,5.81,83,5.03,83,6.13,83
427,Mbeumo,M,8.0,Man Utd,4.19,83,4.52,83,3.83,83,3.94,83,3.82,83,4.19,83,3.8,83,4.31,83,3.8,83,4.25,83,3.69,83,4.24,83,3.85,83,4.52,83
428,Cunha,M,8.0,Man Utd,3.51,78,3.67,78,3.18,78,3.2,78,3.13,78,3.37,78,3.11,78,3.45,78,3.11,78,3.42,78,3.04,78,3.42,78,3.15,78,3.6,78
429,Rashford,M,7.0,Man Utd,2.15,59,2.26,59,1.92,59,1.94,59,1.89,59,2.05,59,1.87,59,2.1,59,1.87,59,2.08,59,1.82,59,2.08,59,1.89,59,2.21,59
430,Mount,M,5.5,Man Utd,0.5,19,0.52,19,1.09,44,1.4,57,1.61,64,1.76,67,1.69,67,1.79,67,1.68,67,1.78,67,1.65,67,1.78,67,1.7,67,1.86,67
431,Amad,M,6.0,Man Utd,3.37,83,3.71,83,3.24,83,3.35,83,3.26,83,3.57,83,3.24,83,3.63,83,3.23,83,3.62,83,3.16,83,3.62,83,3.26,83,3.8,83
432,Mainoo,M,5.5,Man Utd,2.63,80,2.68,80,2.47,80,2.43,80,2.41,80,2.54,80,2.41,80,2.54,80,2.39,80,2.56,80,2.38,80,2.56,80,2.41,80,2.63,80
433,Ugarte,M,5.0,Man Utd,0.0,0,0.0,0,0.0,0,0.0,0,0.0,0,0.0,0,0.0,0,0.0,0,0.0,0,0.0,0,0.0,0,0.0,0,0.0,0,0.0,0
434,J.Fletcher,M,5.0,Man Utd,0.01,1,0.01,1,0.01,1,0.01,1,0.01,1,0.01,1,0.01,1,0.01,1,0.01,1,0.01,1,0.01,1,0.01,1,0.01,1,0.01,1
435,Lacey,M,5.0,Man Utd,0.16,10,0.17,10,0.14,10,0.14,10,0.14,10,0.15,10,0.14,10,0.15,10,0.14,10,0.15,10,0.13,10,0.15,10,0.14,10,0.16,10
436,Collyer,M,5.0,Man Utd,0.18,9,0.18,9,0.17,9,0.16,9,0.16,9,0.17,9,0.16,9,0.17,9,0.16,9,0.17,9,0.16,9,0.17,9,0.16,9,0.18,9
437,Bendito Mantato,M,4.5,Man Utd,0.0,0,0.0,0,0.0,0,0.0,0,0.0,0,0.0,0,0.0,0,0.0,0,0.0,0,0.0,0,0.0,0,0.0,0,0.0,0,0.0,0
438,Fletcher,M,4.5,Man Utd,0.15,11,0.16,11,0.14,11,0.13,11,0.13,11,0.14,11,0.13,11,0.14,11,0.13,11,0.14,11,0.13,11,0.14,11,0.13,11,0.15,11
439,Šeško,F,7.0,Man Utd,1.9,53,2.16,53,2.2,70,2.68,78,2.55,82,2.97,82,2.54,82,3.13,82,2.57,82,3.03,82,2.48,82,3.03,82,2.61,82,3.26,82
440,Zirkzee,F,5.5,Man Utd,1.37,72,1.5,72,1.19,72,1.24,72,1.16,72,1.31,72,1.15,72,1.39,72,1.17,72,1.34,72,1.12,72,1.34,72,1.19,72,1.45,72
441,Obi,F,4.5,Man Utd,0.04,2,0.04,2,0.03,2,0.03,2,0.03,2,0.04,2,0.03,2,0.04,2,0.03,2,0.04,2,0.03,2,0.04,2,0.03,2,0.04,2
442,Pope,G,5.0,Newcastle,0.2,6,1.61,45,1.57,45,1.54,45,1.71,45,1.59,45,1.63,45,1.53,45,1.65,45,1.57,45,1.5,45,1.55,45,1.59,45,1.76,45
443,Gillespie,G,4.5,Newcastle,0.0,0,0.02,1,0.03,1,0.02,1,0.03,1,0.02,1,0.03,1,0.02,1,0.03,1,0.02,1,0.02,1,0.02,1,0.03,1,0.03,1
444,Jaouen,G,4.5,Newcastle,0.03,1,0.01,0,0.01,0,0.01,0,0.01,0,0.01,0,0.01,0,0.01,0,0.01,0,0.01,0,0.01,0,0.01,0,0.01,0,0.01,0
445,Thiaw,D,5.0,Newcastle,3.4,83,3.4,83,3.34,83,3.16,83,3.6,83,3.28,83,3.37,83,3.14,83,3.41,83,3.14,83,3.05,83,3.12,83,3.25,83,3.55,83
446,Schär,D,5.0,Newcastle,2.73,80,2.69,80,2.79,80,2.59,80,3.11,80,2.7,80,2.91,80,2.59,80,2.97,80,2.6,80,2.64,80,2.57,80,2.8,80,3.1,80
447,Botman,D,5.0,Newcastle,3.21,82,3.28,82,3.22,82,3.13,82,3.49,82,3.24,82,3.31,82,3.12,82,3.36,82,3.12,82,3.05,82,3.1,82,3.2,82,3.47,82
448,Burn,D,5.0,Newcastle,2.57,80,2.59,80,2.5,80,2.4,80,2.79,80,2.5,80,2.6,80,2.38,80,2.66,80,2.39,80,2.33,80,2.36,80,2.48,80,2.8,80
449,Hall,D,5.0,Newcastle,2.69,79,2.62,79,2.71,79,2.49,79,2.98,79,2.59,79,2.79,79,2.48,79,2.85,79,2.5,79,2.54,79,2.47,79,2.69,79,2.96,79
450,Livramento,D,5.0,Newcastle,0.0,0,0.0,0,0.0,0,0.0,0,0.0,0,0.0,0,0.0,0,0.0,0,0.0,0,0.0,0,0.0,0,0.0,0,0.0,0,0.0,0
451,A.Murphy,D,4.0,Newcastle,0.0,0,0.0,0,0.0,0,0.0,0,0.0,0,0.0,0,0.0,0,0.0,0,0.0,0,0.0,0,0.0,0,0.0,0,0.0,0,0.0,0
452,Bruno G.,M,7.0,Arsenal,2.69,53,2.27,53,3.11,70,3.36,78,3.38,82,3.82,82,3.45,82,3.81,82,3.31,82,4.07,82,3.41,82,3.5,82,3.4,82,3.54,82
453,Barnes,M,6.0,Newcastle,2.5,83,2.45,83,2.62,83,2.3,83,2.84,83,2.45,83,2.57,83,2.32,83,2.59,83,2.31,83,2.29,83,2.29,83,2.5,83,2.68,83
454,Elanga,M,6.0,Newcastle,1.46,66,1.43,66,1.52,66,1.35,66,1.64,66,1.44,66,1.5,66,1.36,66,1.51,66,1.36,66,1.34,66,1.34,66,1.45,66,1.57,66
455,Tonali,M,5.5,Spurs,2.49,81,2.68,81,2.54,81,2.74,81,2.71,81,2.47,81,2.82,81,2.48,81,2.68,81,2.5,81,2.87,81,2.6,81,2.71,81,2.49,81
456,J.Ramsey,M,5.0,Newcastle,2.17,83,2.27,83,2.38,83,2.28,83,2.58,83,2.4,83,2.43,83,2.32,83,2.45,83,2.31,83,2.25,83,2.29,83,2.38,83,2.5,83
457,J.Murphy,M,6.0,Newcastle,2.14,83,2.09,83,2.22,83,1.97,83,2.41,83,2.09,83,2.19,83,1.98,83,2.22,83,1.98,83,1.96,83,1.96,83,2.13,83,2.3,83
458,Joelinton,M,5.5,Newcastle,0.0,0,0.0,0,0.0,0,0.0,0,0.0,0,0.0,0,0.0,0,0.0,0,0.0,0,0.0,0,0.0,0,0.0,0,0.0,0,0.0,0
459,L.Miley,M,5.5,Newcastle,2.66,81,2.66,81,2.75,81,2.58,81,2.9,81,2.68,81,2.75,81,2.6,81,2.77,81,2.58,81,2.56,81,2.57,81,2.69,81,2.81,81
460,Willock,M,5.0,Newcastle,1.43,63,1.46,63,1.51,63,1.41,63,1.61,63,1.48,63,1.5,63,1.42,63,1.51,63,1.42,63,1.37,63,1.41,63,1.47,63,1.55,63
461,Touré,M,6.0,Newcastle,2.28,67,2.23,67,2.36,67,2.13,67,2.52,67,2.24,67,2.34,67,2.14,67,2.36,67,2.13,67,2.12,67,2.12,67,2.27,67,2.42,67
462,Steur,M,5.0,Newcastle,0.5,19,0.51,19,0.52,19,0.49,19,0.56,19,0.51,19,0.53,19,0.5,19,0.53,19,0.49,19,0.48,19,0.49,19,0.51,19,0.54,19
463,Woltemade,F,6.0,Newcastle,2.33,76,2.16,76,2.46,76,2.06,76,2.61,76,2.18,76,2.38,76,2.09,76,2.39,76,2.07,76,2.15,76,2.06,76,2.33,76,2.45,76
464,Wissa,F,6.0,Newcastle,1.9,73,1.69,73,2.04,73,1.57,73,2.2,73,1.7,73,1.95,73,1.6,73,1.96,73,1.58,73,1.69,73,1.57,73,1.9,73,2.02,73
465,Osula,F,6.0,Newcastle,2.59,81,2.38,81,2.72,81,2.28,81,2.86,81,2.39,81,2.63,81,2.3,81,2.64,81,2.28,81,2.39,81,2.27,81,2.58,81,2.7,81
466,Neave,F,4.5,Newcastle,0.12,9,0.11,9,0.13,9,0.11,9,0.14,9,0.12,9,0.12,9,0.11,9,0.12,9,0.11,9,0.11,9,0.11,9,0.12,9,0.13,9
467,Sels,G,5.0,Nott'm Forest,3.13,84,2.9,84,3.13,84,2.98,84,3.18,84,2.95,84,2.97,84,3.03,84,2.89,84,2.98,84,2.99,84,3.0,84,3.08,84,3.12,84
468,John,G,4.5,Nott'm Forest,0.19,6,0.17,6,0.19,6,0.18,6,0.19,6,0.17,6,0.18,6,0.18,6,0.17,6,0.18,6,0.18,6,0.18,6,0.18,6,0.19,6
469,N.Williams,D,5.0,Nott'm Forest,3.43,83,2.81,83,3.42,83,2.9,83,3.57,83,2.93,83,3.15,83,3.05,83,2.89,83,3.17,83,2.9,83,3.25,83,3.19,83,3.36,83
470,Morato,D,5.0,Nott'm Forest,2.02,70,1.9,70,2.14,70,1.99,70,2.25,70,2.03,70,2.06,70,2.08,70,2.02,70,2.08,70,2.03,70,2.1,70,2.15,70,2.15,70
471,Milenković,D,5.5,Nott'm Forest,3.14,83,2.81,83,3.22,83,2.91,83,3.33,83,2.95,83,3.02,83,3.05,83,2.91,83,3.03,83,2.95,83,3.07,83,3.16,83,3.16,83
472,Murillo,D,5.5,Nott'm Forest,2.77,81,2.52,81,2.73,81,2.52,81,2.78,81,2.54,81,2.52,81,2.64,81,2.51,81,2.53,81,2.55,81,2.56,81,2.73,81,2.64,81
473,Aina,D,4.5,Nott'm Forest,3.07,82,2.59,82,3.02,82,2.62,82,3.09,82,2.64,82,2.78,82,2.75,82,2.6,82,2.78,82,2.63,82,2.83,82,2.85,82,2.92,82
474,Jair Cunha,D,4.5,Nott'm Forest,1.85,77,1.59,77,1.82,77,1.58,77,1.87,77,1.6,77,1.69,77,1.63,77,1.59,77,1.7,77,1.58,77,1.73,77,1.69,77,1.78,77
475,Savona,D,4.5,Nott'm Forest,0.0,0,0.0,0,0.0,0,0.0,0,0.0,0,0.0,0,0.0,0,0.0,0,0.0,0,0.0,0,0.0,0,0.0,0,0.0,0,0.0,0
476,O.Richards,D,4.0,Nott'm Forest,0.15,5,0.13,5,0.15,5,0.13,5,0.15,5,0.13,5,0.14,5,0.14,5,0.13,5,0.14,5,0.13,5,0.14,5,0.14,5,0.15,5
477,Abbott,D,4.0,Nott'm Forest,0.35,18,0.3,18,0.34,18,0.3,18,0.35,18,0.3,18,0.32,18,0.31,18,0.3,18,0.32,18,0.3,18,0.33,18,0.32,18,0.33,18
478,Netz,D,4.5,Nott'm Forest,1.47,60,1.25,60,1.41,60,1.22,60,1.43,60,1.22,60,1.29,60,1.25,60,1.22,60,1.31,60,1.22,60,1.33,60,1.29,60,1.36,60
479,Bindon,D,4.0,Nott'm Forest,0.12,5,0.1,5,0.11,5,0.1,5,0.12,5,0.1,5,0.11,5,0.1,5,0.1,5,0.11,5,0.1,5,0.11,5,0.11,5,0.11,5
480,Gibbs-White,M,8.0,Nott'm Forest,3.8,83,3.28,83,3.74,83,3.41,83,4.04,83,3.46,83,3.43,83,3.61,83,3.44,83,3.55,83,3.33,83,3.67,83,3.91,83,3.74,83
481,Anderson,M,6.5,Man City,4.08,83,3.79,83,4.15,83,3.67,83,4.08,83,3.67,83,4.19,83,3.68,83,3.93,83,3.75,83,3.97,83,3.51,83,4.03,83,3.7,83
482,Hudson-Odoi,M,6.0,Nott'm Forest,2.55,81,2.22,81,2.49,81,2.27,81,2.64,81,2.29,81,2.29,81,2.38,81,2.28,81,2.35,81,2.23,81,2.42,81,2.55,81,2.47,81
483,Ndoye,M,5.5,Nott'm Forest,0.87,48,0.75,48,0.84,48,0.77,48,0.9,48,0.78,48,0.75,48,0.82,48,0.77,48,0.78,48,0.75,48,0.81,48,0.9,48,0.83,48
484,Hutchinson,M,5.5,Nott'm Forest,2.48,81,2.17,81,2.45,81,2.25,81,2.62,81,2.27,81,2.28,81,2.36,81,2.26,81,2.33,81,2.21,81,2.4,81,2.52,81,2.45,81
485,Bakwa,M,5.5,Nott'm Forest,1.16,48,1.01,48,1.13,48,1.04,48,1.21,48,1.05,48,1.04,48,1.09,48,1.04,48,1.06,48,1.02,48,1.1,48,1.17,48,1.13,48
486,McAtee,M,5.5,Nott'm Forest,1.02,55,0.89,55,0.96,55,0.89,55,1.02,55,0.9,55,0.86,55,0.94,55,0.89,55,0.89,55,0.87,55,0.92,55,1.01,55,0.95,55
487,Dominguez,M,5.0,Nott'm Forest,1.65,81,1.46,81,1.57,81,1.47,81,1.67,81,1.49,81,1.41,81,1.55,81,1.47,81,1.45,81,1.45,81,1.5,81,1.67,81,1.54,81
488,I.Sangaré,M,5.0,Nott'm Forest,2.52,83,2.4,83,2.63,83,2.51,83,2.78,83,2.56,83,2.52,83,2.63,83,2.54,83,2.56,83,2.53,83,2.6,83,2.75,83,2.66,83
489,Yates,M,4.5,Nott'm Forest,0.0,0,0.0,0,0.0,0,0.0,0,0.0,0,0.0,0,0.0,0,0.0,0,0.0,0,0.0,0,0.0,0,0.0,0,0.0,0,0.0,0
490,Wood,F,6.0,Nott'm Forest,2.69,80,2.22,80,2.63,80,2.31,80,2.9,80,2.35,80,2.43,80,2.42,80,2.35,80,2.53,80,2.24,80,2.63,80,2.63,80,2.67,80
491,Igor Jesus,F,6.0,Nott'm Forest,2.8,83,2.39,83,2.69,83,2.43,83,2.91,83,2.45,83,2.48,83,2.52,83,2.46,83,2.58,83,2.36,83,2.67,83,2.72,83,2.71,83
492,Awoniyi,F,5.5,Coventry City,1.39,70,1.92,70,1.43,70,1.7,70,1.5,70,1.66,70,1.54,70,1.73,70,1.77,70,1.51,70,1.69,70,1.48,70,1.89,70,1.47,70
493,Kalimuendo,F,5.5,Nott'm Forest,0.51,30,0.41,30,0.49,30,0.43,30,0.55,30,0.43,30,0.44,30,0.45,30,0.43,30,0.46,30,0.41,30,0.48,30,0.5,30,0.5,30
494,Vicario,G,4.5,Spurs,0.0,0,0.0,0,0.0,0,0.0,0,0.0,0,0.0,0,0.0,0,0.0,0,0.0,0,0.0,0,0.0,0,0.0,0,0.0,0,0.0,0
495,Austin,G,4.0,Spurs,0.03,1,0.16,5,0.15,5,0.16,5,0.16,5,0.16,5,0.16,5,0.15,5,0.16,5,0.15,5,0.17,5,0.16,5,0.16,5,0.15,5
496,Kinsky,G,4.5,Spurs,2.66,85,3.07,85,2.95,85,3.19,85,3.16,85,2.95,85,3.17,85,2.92,85,3.06,85,2.91,85,3.26,85,3.1,85,3.16,85,2.9,85
497,Dubravka,G,4.0,Spurs,0.18,6,0.06,2,0.06,2,0.06,2,0.06,2,0.06,2,0.06,2,0.06,2,0.06,2,0.06,2,0.06,2,0.06,2,0.06,2,0.06,2
498,Senesi,D,6.0,Spurs,3.31,83,3.8,83,3.2,83,3.77,83,3.68,83,3.09,83,3.75,83,3.06,83,3.6,83,3.11,83,3.84,83,3.19,83,3.66,83,3.35,83
499,Pedro Porro,D,5.5,Spurs,0.07,2,2.09,45,2.21,54,3.12,63,3.08,63,2.91,72,3.6,72,2.9,72,3.44,72,2.96,72,3.69,72,3.09,72,3.51,72,3.21,72
500,Romero,D,5.0,Spurs,0.0,0,0.0,0,0.0,0,0.0,0,0.0,0,0.0,0,0.0,0,0.0,0,0.0,0,0.0,0,0.0,0,0.0,0,0.0,0,0.0,0
501,Danso,D,5.0,Spurs,2.66,82,3.08,82,2.96,82,3.28,82,3.26,82,2.97,82,3.3,82,2.95,82,3.2,82,3.02,82,3.37,82,3.14,82,3.24,82,3.03,82
502,Robertson,D,4.5,Spurs,1.57,61,1.92,61,1.66,61,1.99,61,1.94,61,1.59,61,2.0,61,1.59,61,1.89,61,1.63,61,2.06,61,1.73,61,1.95,61,1.74,61
503,Van de Ven,D,5.0,Spurs,0.05,2,1.56,43,1.69,52,2.29,60,2.25,60,2.19,69,2.64,69,2.18,69,2.51,69,2.24,69,2.71,69,2.37,69,2.57,69,2.33,69
504,Vuskovic,D,5.0,Brighton,1.78,64,1.55,64,1.76,64,1.59,64,1.61,64,1.57,64,1.7,64,1.55,64,1.51,64,1.73,64,1.63,64,1.73,64,1.55,64,1.56,64
505,Spence,D,4.5,Spurs,0.0,0,0.0,0,0.0,0,0.0,0,0.0,0,0.0,0,0.0,0,0.0,0,0.0,0,0.0,0,0.0,0,0.0,0,0.0,0,0.0,0
506,Udogie,D,4.5,Spurs,2.02,82,2.48,82,2.29,82,2.67,82,2.63,82,2.27,82,2.69,82,2.27,82,2.58,82,2.32,82,2.76,82,2.44,82,2.64,82,2.42,82
507,Phillips,D,4.5,Spurs,0.0,0,0.0,0,0.0,0,0.0,0,0.0,0,0.0,0,0.0,0,0.0,0,0.0,0,0.0,0,0.0,0,0.0,0,0.0,0,0.0,0
508,Davies,D,4.0,Spurs,0.81,38,0.94,38,0.83,38,0.96,38,0.94,38,0.81,38,0.97,38,0.81,38,0.92,38,0.82,38,0.99,38,0.85,38,0.94,38,0.86,38
509,Byfield,D,4.0,Spurs,0.01,1,0.02,1,0.01,1,0.02,1,0.02,1,0.01,1,0.02,1,0.01,1,0.02,1,0.01,1,0.02,1,0.01,1,0.02,1,0.01,1
510,Rowswell,D,4.0,Spurs,0.06,4,0.07,4,0.06,4,0.07,4,0.07,4,0.06,4,0.07,4,0.06,4,0.07,4,0.06,4,0.07,4,0.06,4,0.07,4,0.06,4
511,Souza,D,4.0,Spurs,0.16,11,0.18,11,0.16,11,0.19,11,0.18,11,0.16,11,0.19,11,0.16,11,0.18,11,0.16,11,0.19,11,0.16,11,0.18,11,0.17,11
512,Kudus,M,6.5,Spurs,0.24,7,0.25,7,0.77,24,1.89,53,2.45,69,2.45,77,3.02,81,2.6,81,2.84,81,2.61,81,3.08,81,2.7,81,2.89,81,2.62,81
513,Xavi,M,6.0,Spurs,0.0,0,0.0,0,0.0,0,0.0,0,0.0,0,0.0,0,0.0,0,0.0,0,0.0,0,0.0,0,0.0,0,0.0,0,0.0,0,0.0,0
514,Tel,M,6.0,Spurs,2.44,83,2.64,83,2.53,83,2.75,83,2.74,83,2.48,83,2.87,83,2.5,83,2.7,83,2.51,83,2.93,83,2.59,83,2.74,83,2.5,83
515,Maddison,M,6.5,Spurs,1.35,56,1.45,56,1.32,56,1.47,56,1.45,56,1.27,56,1.55,56,1.28,56,1.43,56,1.28,56,1.59,56,1.33,56,1.46,56,1.29,56
516,Bentancur,M,5.5,Spurs,2.68,83,2.84,83,2.84,83,2.96,83,2.96,83,2.84,83,3.01,83,2.82,83,2.92,83,2.86,83,3.06,83,2.94,83,2.93,83,2.77,83
517,Odobert,M,5.5,Spurs,0.0,0,0.0,0,0.0,0,0.0,0,0.0,0,0.0,0,0.0,0,0.0,0,0.0,0,0.0,0,0.0,0,0.0,0,0.0,0,0.0,0
518,P.M.Sarr,M,5.0,Spurs,0.0,0,0.0,0,0.0,0,0.0,0,0.0,0,0.0,0,0.0,0,0.0,0,0.0,0,0.0,0,0.0,0,0.0,0,0.0,0,0.0,0
519,Gallagher,M,5.5,Spurs,2.68,81,2.79,81,2.75,81,2.86,81,2.84,81,2.69,81,2.94,81,2.69,81,2.8,81,2.72,81,3.0,81,2.82,81,2.84,81,2.62,81
520,Bergvall,M,5.5,Spurs,1.04,65,1.11,65,1.06,65,1.15,65,1.13,65,1.03,65,1.2,65,1.03,65,1.12,65,1.04,65,1.23,65,1.09,65,1.14,65,1.01,65
521,Kulusevski,M,6.5,Spurs,0.0,0,0.0,0,0.0,0,0.0,0,0.0,0,0.0,0,0.0,0,0.0,0,0.0,0,0.0,0,0.0,0,0.0,0,0.0,0,0.0,0
522,Gray,M,5.0,Spurs,1.04,45,1.1,45,1.02,45,1.11,45,1.09,45,0.98,45,1.14,45,0.99,45,1.08,45,1.0,45,1.17,45,1.03,45,1.1,45,1.0,45
523,Moore,M,5.0,Spurs,0.34,16,0.37,16,0.35,16,0.38,16,0.37,16,0.34,16,0.39,16,0.34,16,0.37,16,0.34,16,0.4,16,0.35,16,0.37,16,0.34,16
524,Olusesi,M,4.5,Spurs,0.05,4,0.05,4,0.05,4,0.06,4,0.06,4,0.05,4,0.06,4,0.05,4,0.05,4,0.05,4,0.06,4,0.05,4,0.06,4,0.05,4
525,Fernandes,M,6.0,Spurs,3.25,82,3.45,82,3.33,82,3.54,82,3.53,82,3.28,82,3.64,82,3.28,82,3.48,82,3.3,82,3.69,82,3.39,82,3.51,82,3.27,82
526,Solanke,F,6.0,Spurs,2.21,73,2.44,73,2.19,73,2.51,73,2.51,73,2.17,73,2.68,73,2.19,73,2.48,73,2.17,73,2.73,73,2.2,73,2.52,73,2.27,73
527,Richarlison,F,6.0,Spurs,2.93,79,3.25,79,2.86,79,3.32,79,3.29,79,2.8,79,3.53,79,2.84,79,3.26,79,2.81,79,3.59,79,2.85,79,3.31,79,2.96,79
528,Scarlett,F,4.5,Spurs,0.04,3,0.04,3,0.04,3,0.04,3,0.04,3,0.03,3,0.04,3,0.04,3,0.04,3,0.03,3,0.04,3,0.04,3,0.04,3,0.03,3
529,Roefs,G,5.0,Sunderland,3.1,85,3.41,85,3.03,85,3.2,85,3.13,85,3.38,85,3.14,85,3.48,85,3.14,85,3.25,85,3.13,85,3.43,85,3.1,85,3.08,85
530,Patterson,G,4.0,Sunderland,0.0,0,0.0,0,0.0,0,0.0,0,0.0,0,0.0,0,0.0,0,0.0,0,0.0,0,0.0,0,0.0,0,0.0,0,0.0,0,0.0,0
531,Ellborg,G,4.5,Sunderland,0.22,7,0.22,7,0.21,7,0.21,7,0.22,7,0.22,7,0.22,7,0.22,7,0.22,7,0.21,7,0.22,7,0.22,7,0.21,7,0.21,7
532,Ballard,D,5.0,Sunderland,2.85,82,3.2,82,2.74,82,2.93,82,2.65,82,3.11,82,2.75,82,3.26,82,2.84,82,3.01,82,2.73,82,3.21,82,2.74,82,2.74,82
533,Mukiele,D,5.5,Sunderland,3.05,82,3.53,82,3.15,82,3.41,82,3.16,82,3.61,82,3.25,82,3.76,82,3.33,82,3.52,82,3.23,82,3.71,82,3.24,82,3.24,82
534,Hume,D,4.5,Sunderland,2.46,83,2.8,83,2.4,83,2.58,83,2.36,83,2.76,83,2.44,83,2.91,83,2.56,83,2.67,83,2.45,83,2.85,83,2.41,83,2.44,83
535,Alderete,D,5.0,Sunderland,2.6,83,2.8,83,2.51,83,2.59,83,2.44,83,2.72,83,2.53,83,2.85,83,2.59,83,2.63,83,2.51,83,2.81,83,2.52,83,2.51,83
536,Reinildo,D,4.5,Sunderland,2.32,83,2.72,83,2.26,83,2.52,83,2.23,83,2.66,83,2.32,83,2.81,83,2.38,83,2.57,83,2.3,83,2.77,83,2.29,83,2.28,83
537,Seelt,D,4.5,Sunderland,0.83,35,0.9,35,0.79,35,0.83,35,0.77,35,0.87,35,0.8,35,0.91,35,0.83,35,0.84,35,0.8,35,0.89,35,0.79,35,0.79,35
538,Hjelde,D,4.0,Sunderland,0.0,0,0.0,0,0.0,0,0.0,0,0.0,0,0.0,0,0.0,0,0.0,0,0.0,0,0.0,0,0.0,0,0.0,0,0.0,0,0.0,0
539,O'Nien,D,4.0,Sunderland,1.22,48,1.37,48,1.22,48,1.3,48,1.21,48,1.37,48,1.24,48,1.43,48,1.28,48,1.34,48,1.24,48,1.41,48,1.23,48,1.24,48
540,Masuaku,D,4.0,Sunderland,0.0,0,0.0,0,0.0,0,0.0,0,0.0,0,0.0,0,0.0,0,0.0,0,0.0,0,0.0,0,0.0,0,0.0,0,0.0,0,0.0,0
541,Meunier,D,4.5,Sunderland,1.05,35,1.13,35,0.98,35,1.02,35,0.94,35,1.08,35,0.98,35,1.13,35,1.02,35,1.05,35,0.98,35,1.11,35,0.97,35,0.97,35
542,E.Le Fée,M,6.0,Sunderland,3.7,82,4.02,82,3.67,82,3.76,82,3.57,82,4.05,82,3.65,82,4.16,82,3.87,82,3.96,82,3.69,82,4.07,82,3.64,82,3.73,82
543,Diarra,M,5.5,Sunderland,2.0,77,2.11,77,1.86,77,1.84,77,1.75,77,2.03,77,1.79,77,2.12,77,1.98,77,1.98,77,1.84,77,2.05,77,1.78,77,1.86,77
544,Xhaka,M,5.5,Sunderland,3.08,83,3.16,83,2.98,83,2.95,83,2.89,83,3.12,83,2.97,83,3.21,83,3.09,83,3.05,83,2.97,83,3.16,83,2.96,83,2.99,83
545,Sadiki,M,5.0,Sunderland,2.56,83,2.63,83,2.41,83,2.39,83,2.31,83,2.54,83,2.38,83,2.62,83,2.5,83,2.48,83,2.39,83,2.57,83,2.36,83,2.4,83
546,Adingra,M,5.0,Sunderland,0.0,0,0.0,0,0.0,0,0.0,0,0.0,0,0.0,0,0.0,0,0.0,0,0.0,0,0.0,0,0.0,0,0.0,0,0.0,0,0.0,0
547,Mundle,M,5.0,Sunderland,1.41,81,1.48,81,1.34,81,1.32,81,1.27,81,1.44,81,1.3,81,1.5,81,1.41,81,1.41,81,1.33,81,1.45,81,1.3,81,1.35,81
548,Rigg,M,5.0,Sunderland,1.12,56,1.16,56,1.04,56,1.01,56,0.98,56,1.11,56,1.0,56,1.15,56,1.09,56,1.08,56,1.02,56,1.11,56,1.0,56,1.03,56
549,Talbi,M,5.5,Sunderland,1.79,73,1.87,73,1.7,73,1.69,73,1.63,73,1.82,73,1.67,73,1.89,73,1.79,73,1.78,73,1.7,73,1.84,73,1.66,73,1.71,73
550,Jocelin.T,M,5.0,Sunderland,0.16,7,0.16,7,0.15,7,0.15,7,0.15,7,0.16,7,0.15,7,0.17,7,0.16,7,0.16,7,0.15,7,0.16,7,0.15,7,0.15,7
551,Angulo,M,5.0,Sunderland,2.05,78,2.14,78,2.05,78,2.02,78,2.01,78,2.18,78,2.06,78,2.24,78,2.19,78,2.13,78,2.08,78,2.19,78,2.05,78,2.09,78
552,Brobbey,F,6.0,Sunderland,2.54,82,2.88,82,2.61,82,2.7,82,2.55,82,2.95,82,2.56,82,3.02,82,2.76,82,2.91,82,2.63,82,2.93,82,2.57,82,2.68,82
553,Isidor,F,5.5,Sunderland,1.26,69,1.42,69,1.21,69,1.22,69,1.13,69,1.38,69,1.13,69,1.42,69,1.26,69,1.35,69,1.18,69,1.36,69,1.14,69,1.21,69
554,Van Oevelen,G,4.5,Ipswich Town,0.07,2,1.02,30,1.01,30,0.99,30,1.01,30,1.08,30,1.0,30,1.09,30,1.03,30,1.04,30,1.01,30,1.08,30,1.01,30,0.99,30
555,Matthews,G,4.0,Crystal Palace,0.27,8,0.28,8,0.29,8,0.32,8,0.29,8,0.32,8,0.3,8,0.31,8,0.3,8,0.3,8,0.3,8,0.32,8,0.3,8,0.3,8
556,Targett,D,4.0,Hull City,0.93,42,0.86,42,0.96,42,0.82,42,0.83,42,0.97,42,0.83,42,0.96,42,1.0,42,0.8,42,0.93,42,0.84,42,0.96,42,0.83,42
557,Tzolis,M,6.5,Arsenal,1.83,43,1.56,43,1.67,43,1.62,43,1.56,43,1.76,43,1.59,43,1.75,43,1.52,43,1.88,43,1.57,43,1.62,43,1.57,43,1.63,43
558,Schlager,M,5.0,Nott'm Forest,0.46,17,0.42,17,0.45,17,0.43,17,0.47,17,0.43,17,0.42,17,0.45,17,0.43,17,0.43,17,0.42,17,0.44,17,0.47,17,0.45,17
559,Bamba,M,5.0,Newcastle,0.5,19,0.51,19,0.52,19,0.49,19,0.56,19,0.51,19,0.53,19,0.5,19,0.53,19,0.49,19,0.48,19,0.49,19,0.51,19,0.54,19
560,Penders,G,4.5,Chelsea,0.25,8,0.26,8,0.24,8,0.27,8,0.24,8,0.26,8,0.25,8,0.26,8,0.26,8,0.25,8,0.27,8,0.25,8,0.26,8,0.25,8
561,Anselmino,D,4.5,Chelsea,0.49,21,0.54,21,0.48,21,0.58,21,0.5,21,0.54,21,0.51,21,0.55,21,0.54,21,0.51,21,0.56,21,0.5,21,0.55,21,0.53,21
562,Maeda,M,5.5,Ipswich Town,2.36,71,2.2,71,2.38,71,2.38,71,2.44,71,2.56,71,2.31,71,2.57,71,2.62,71,2.56,71,2.47,71,2.56,71,2.49,71,2.39,71
563,Morita,M,5.0,Hull City,0.48,18,0.48,18,1.09,40,1.33,52,1.5,58,1.7,61,1.58,61,1.68,61,1.78,61,1.49,61,1.65,61,1.59,61,1.69,61,1.56,61
564,Scherpen,G,4.5,Ipswich Town,3.22,85,1.06,31,1.05,31,1.03,31,1.05,31,1.11,31,1.05,31,1.12,31,1.07,31,1.08,31,1.05,31,1.11,31,1.05,31,1.03,31
565,M.Sangaré,M,5.5,Brentford,1.35,42,1.26,42,1.4,42,1.23,42,1.29,42,1.24,42,1.29,42,1.38,42,1.35,42,1.24,42,1.36,42,1.23,42,1.23,42,1.26,42
566,Silva,D,5.0,Bournemouth,1.56,49,1.89,49,1.6,49,1.84,49,1.73,49,1.58,49,1.96,49,1.59,49,1.87,49,1.7,49,1.86,49,1.62,49,1.77,49,1.96,49
567,Horníček,G,5.0,Newcastle,3.09,85,1.66,45,1.68,45,1.62,45,1.82,45,1.66,45,1.75,45,1.62,45,1.77,45,1.65,45,1.63,45,1.64,45,1.72,45,1.87,45
568,Barco,M,5.5,Chelsea,0.63,21,0.66,21,0.58,21,0.71,21,0.61,21,0.66,21,0.63,21,0.65,21,0.64,21,0.63,21,0.67,21,0.62,21,0.65,21,0.63,21
569,Gonzalo,F,6.0,Fulham,2.09,75,1.88,75,2.17,75,1.84,75,2.17,75,1.99,75,2.45,75,2.01,75,1.89,75,2.15,75,1.83,75,2.29,75,1.97,75,1.93,75
570,Palacios,M,5.5,Fulham,1.75,56,1.74,56,1.79,56,1.65,56,1.77,56,1.76,56,1.95,56,1.76,56,1.68,56,1.79,56,1.62,56,1.82,56,1.75,56,1.73,56
571,Florentino,M,5.0,Ipswich Town,2.4,77,2.36,77,2.43,77,2.48,77,2.54,77,2.53,77,2.41,77,2.54,77,2.66,77,2.53,77,2.56,77,2.55,77,2.56,77,2.48,77
572,Tzolakis,G,4.5,Hull City,3.14,87,2.79,81,2.98,81,2.79,81,2.73,81,3.01,81,2.78,81,3.01,81,3.05,81,2.7,81,2.93,81,2.75,81,3.0,81,2.79,81
573,Sanchez,D,4.5,Bournemouth,0.63,23,0.77,23,0.66,23,0.76,23,0.72,23,0.66,23,0.81,23,0.66,23,0.78,23,0.71,23,0.77,23,0.68,23,0.74,23,0.81,23
574,Hjertø-Dahl,M,5.0,Hull City,1.82,61,1.85,61,1.9,61,1.79,61,1.82,61,1.93,61,1.81,61,1.92,61,2.02,61,1.73,61,1.89,61,1.82,61,1.92,61,1.79,61
575,Yirenkyi,M,5.0,Coventry City,1.0,37,1.18,37,1.01,37,1.09,37,1.06,37,1.1,37,1.08,37,1.11,37,1.14,37,1.07,37,1.1,37,1.05,37,1.17,37,1.04,37
576,Stroud,M,5.0,Hull City,1.82,61,1.83,61,1.87,61,1.74,61,1.76,61,1.88,61,1.76,61,1.87,61,1.96,61,1.67,61,1.83,61,1.77,61,1.87,61,1.74,61
577,Tomiyasu,D,4.5,Crystal Palace,0.79,27,0.81,27,0.77,27,0.92,27,0.77,27,0.88,27,0.77,27,0.87,27,0.8,27,0.82,27,0.8,27,0.93,27,0.76,27,0.77,27
578,Mudryk,M,5.5,Chelsea,0.51,21,0.54,21,0.48,21,0.6,21,0.51,21,0.55,21,0.52,21,0.55,21,0.54,21,0.53,21,0.56,21,0.52,21,0.54,21,0.53,21
579,Araujo,D,5.5,Liverpool,2.15,62,2.54,62,2.3,62,2.52,62,2.18,62,2.29,62,2.15,62,2.42,62,2.28,62,2.19,62,2.42,62,2.26,62,2.69,62,2.13,62
580,Charles,M,5.0,Fulham,0.7,27,0.7,27,0.71,27,0.66,27,0.69,27,0.69,27,0.76,27,0.7,27,0.66,27,0.7,27,0.64,27,0.71,27,0.69,27,0.68,27
581,Diomande,D,5.5,Nott'm Forest,3.32,80,2.79,80,3.26,80,2.83,80,3.35,80,2.85,80,2.96,80,2.99,80,2.8,80,2.98,80,2.83,80,3.04,80,3.13,80,3.14,80
582,Madjo,F,5.5,Aston Villa,0.0,0,0.0,0,0.0,0,0.0,0,0.0,0,0.0,0,0.0,0,0.0,0,0.0,0,0.0,0,0.0,0,0.0,0,0.0,0,0.0,0
583,Chavarria,D,5.0,Chelsea,1.45,44,1.6,44,1.4,44,1.78,44,1.46,44,1.61,44,1.53,44,1.67,44,1.62,44,1.56,44,1.7,44,1.51,44,1.64,44,1.58,44
584,Hamer,M,5.5,Coventry City,2.12,76,2.7,76,2.34,76,2.6,76,2.53,76,2.64,76,2.58,76,2.67,76,2.75,76,2.55,76,2.64,76,2.49,76,2.82,76,2.47,76
585,Herrington,D,4.0,Hull City,1.08,42,1.01,42,1.11,42,0.97,42,0.98,42,1.13,42,0.98,42,1.11,42,1.16,42,0.95,42,1.08,42,0.99,42,1.12,42,0.98,42
586,Mendy,D,4.0,Hull City,1.08,42,1.01,42,1.11,42,0.97,42,0.98,42,1.13,42,0.98,42,1.11,42,1.16,42,0.95,42,1.08,42,0.99,42,1.12,42,0.98,42
587,Rulli,G,5.0,Man City,0.21,6,0.33,9,0.36,9,0.35,9,0.39,9,0.34,9,0.38,9,0.34,9,0.36,9,0.35,9,0.37,9,0.33,9,0.37,9,0.33,9
588,Khalaili,D,5.0,Crystal Palace,1.95,57,1.97,57,1.9,57,2.26,57,1.9,57,2.17,57,1.89,57,2.15,57,1.96,57,2.02,57,1.97,57,2.29,57,1.85,57,1.88,57
589,Gourna-Douath,M,5.0,Hull City,1.64,61,1.64,61,1.68,61,1.56,61,1.58,61,1.7,61,1.58,61,1.68,61,1.78,61,1.49,61,1.65,61,1.59,61,1.69,61,1.56,61
590,Benda,G,4.5,Nott'm Forest,0.02,1,0.02,1,0.02,1,0.02,1,0.02,1,0.02,1,0.02,1,0.02,1,0.02,1,0.02,1,0.02,1,0.02,1,0.02,1,0.02,1
591,Enciso,M,5.5,Ipswich Town,2.24,71,1.95,71,2.06,71,1.98,71,2.01,71,2.16,71,1.89,71,2.17,71,2.21,71,2.17,71,2.04,71,2.16,71,2.07,71,1.96,71
592,Ouattara,D,4.0,Ipswich Town,1.17,42,0.97,42,1.06,42,0.99,42,1.0,42,1.11,42,0.96,42,1.12,42,1.04,42,1.08,42,1.01,42,1.11,42,1.01,42,0.98,42
593,Dedić,D,4.5,Newcastle,0.74,24,0.72,24,0.75,24,0.69,24,0.83,24,0.71,24,0.78,24,0.68,24,0.79,24,0.68,24,0.71,24,0.68,24,0.75,24,0.83,24
594,David,F,6.0,Brighton,1.97,68,1.7,68,2.01,68,1.78,68,1.75,68,1.7,68,1.95,68,1.63,68,1.61,68,1.97,68,1.93,68,1.91,68,1.62,68,1.69,68
595,Gozo,M,5.0,Crystal Palace,0.76,29,0.75,29,0.75,29,0.84,29,0.75,29,0.8,29,0.74,29,0.79,29,0.77,29,0.77,29,0.78,29,0.85,29,0.74,29,0.74,29
596,Ruggeri,D,4.5,Aston Villa,1.51,52,1.55,52,1.61,52,1.69,52,1.52,52,1.66,52,1.44,52,1.53,52,1.67,52,1.44,52,1.77,52,1.53,52,1.7,52,1.63,52
597,Suzuki,G,5.0,Aston Villa,0.48,14,0.21,6,0.22,6,0.23,6,0.21,6,0.23,6,0.21,6,0.21,6,0.22,6,0.21,6,0.24,6,0.21,6,0.23,6,0.22,6
598,Elvedi,D,4.5,Leeds,0.97,33,1.07,33,0.93,33,1.05,33,1.03,33,0.88,33,1.01,33,0.97,33,0.92,33,1.05,33,0.9,33,1.08,33,0.88,33,1.1,33
599,Cherif,F,5.0,Coventry City,0.64,35,0.84,35,0.66,35,0.76,35,0.69,35,0.74,35,0.71,35,0.77,35,0.79,35,0.69,35,0.76,35,0.68,35,0.83,35,0.68,35
600,Osman,M,5.0,Brighton,0.7,26,0.65,26,0.71,26,0.69,26,0.65,26,0.68,26,0.7,26,0.65,26,0.64,26,0.71,26,0.73,26,0.7,26,0.65,26,0.67,26
